﻿país Name,"país Code","serie Name","serie Code","1960 [YR1960]","2017 [YR2017]"
Albania,"ALB","Esperanza de vida al nacer, mujeres (años)","SP.DYN.LE00.FE.IN","63.247","80.595"
Albania,"ALB","Esperanza de vida al nacer, total (años)","SP.DYN.LE00.IN","62.279","78.495"
Albania,"ALB","Esperanza de vida al nacer, varones (años)","SP.DYN.LE00.MA.IN","61.309","76.543"
Albania,"ALB","PIB (US$ a precios actuales)","NY.GDP.MKTP.CD","NA","13038538300.2644"
Albania,"ALB","Población, hombres","SP.POP.TOTL.MA.IN","828205","1450509"
Albania,"ALB","Población, mujeres","SP.POP.TOTL.FE.IN","780595","1422948"
Albania,"ALB","Población, total","SP.POP.TOTL","1608800","2873457"
Alemania,"DEU","Esperanza de vida al nacer, mujeres (años)","SP.DYN.LE00.FE.IN","71.997","83.5"
Alemania,"DEU","Esperanza de vida al nacer, total (años)","SP.DYN.LE00.IN","69.3100243902439","80.990243902439"
Alemania,"DEU","Esperanza de vida al nacer, varones (años)","SP.DYN.LE00.MA.IN","66.751","78.6"
Alemania,"DEU","PIB (US$ a precios actuales)","NY.GDP.MKTP.CD","NA","3693204332229.78"
Alemania,"DEU","Población, hombres","SP.POP.TOTL.MA.IN","33863880","40716325"
Alemania,"DEU","Población, mujeres","SP.POP.TOTL.FE.IN","38951020","41969502"
Alemania,"DEU","Población, total","SP.POP.TOTL","72814900","82685827"
Andorra,"AND","Esperanza de vida al nacer, mujeres (años)","SP.DYN.LE00.FE.IN","NA","NA"
Andorra,"AND","Esperanza de vida al nacer, total (años)","SP.DYN.LE00.IN","NA","NA"
Andorra,"AND","Esperanza de vida al nacer, varones (años)","SP.DYN.LE00.MA.IN","NA","NA"
Andorra,"AND","PIB (US$ a precios actuales)","NY.GDP.MKTP.CD","NA","3012914131.16971"
Andorra,"AND","Población, hombres","SP.POP.TOTL.MA.IN","NA","NA"
Andorra,"AND","Población, mujeres","SP.POP.TOTL.FE.IN","NA","NA"
Andorra,"AND","Población, total","SP.POP.TOTL","13411","76965"
Armenia,"ARM","Esperanza de vida al nacer, mujeres (años)","SP.DYN.LE00.FE.IN","69.057","77.797"
Armenia,"ARM","Esperanza de vida al nacer, total (años)","SP.DYN.LE00.IN","65.971","74.782"
Armenia,"ARM","Esperanza de vida al nacer, varones (años)","SP.DYN.LE00.MA.IN","62.822","71.427"
Armenia,"ARM","PIB (US$ a precios actuales)","NY.GDP.MKTP.CD","NA","11536590635.8268"
Armenia,"ARM","Población, hombres","SP.POP.TOTL.MA.IN","903002","1378342"
Armenia,"ARM","Población, mujeres","SP.POP.TOTL.FE.IN","971118","1552108"
Armenia,"ARM","Población, total","SP.POP.TOTL","1874120","2930450"
Austria,"AUT","Esperanza de vida al nacer, mujeres (años)","SP.DYN.LE00.FE.IN","71.92","84.1"
Austria,"AUT","Esperanza de vida al nacer, total (años)","SP.DYN.LE00.IN","68.5856097560976","81.6414634146342"
Austria,"AUT","Esperanza de vida al nacer, varones (años)","SP.DYN.LE00.MA.IN","65.41","79.3"
Austria,"AUT","PIB (US$ a precios actuales)","NY.GDP.MKTP.CD","6592693841.18495","416835975862.193"
Austria,"AUT","Población, hombres","SP.POP.TOTL.MA.IN","3282797","4313547"
Austria,"AUT","Población, mujeres","SP.POP.TOTL.FE.IN","3764742","4484019"
Austria,"AUT","Población, total","SP.POP.TOTL","7047539","8797566"
Azerbaiyán,"AZE","Esperanza de vida al nacer, mujeres (años)","SP.DYN.LE00.FE.IN","64.168","75.165"
Azerbaiyán,"AZE","Esperanza de vida al nacer, total (años)","SP.DYN.LE00.IN","61.035","72.123"
Azerbaiyán,"AZE","Esperanza de vida al nacer, varones (años)","SP.DYN.LE00.MA.IN","57.555","69.077"
Azerbaiyán,"AZE","PIB (US$ a precios actuales)","NY.GDP.MKTP.CD","NA","40747792237.9735"
Azerbaiyán,"AZE","Población, hombres","SP.POP.TOTL.MA.IN","1863218","4908478"
Azerbaiyán,"AZE","Población, mujeres","SP.POP.TOTL.FE.IN","2032178","4945555"
Azerbaiyán,"AZE","Población, total","SP.POP.TOTL","3895396","9854033"
Belarús,"BLR","Esperanza de vida al nacer, mujeres (años)","SP.DYN.LE00.FE.IN","70.518","79.2"
Belarús,"BLR","Esperanza de vida al nacer, total (años)","SP.DYN.LE00.IN","67.7080975609756","74.1292682926829"
Belarús,"BLR","Esperanza de vida al nacer, varones (años)","SP.DYN.LE00.MA.IN","65.032","69.3"
Belarús,"BLR","PIB (US$ a precios actuales)","NY.GDP.MKTP.CD","NA","54456465472.6162"
Belarús,"BLR","Población, hombres","SP.POP.TOTL.MA.IN","3706107","4419899"
Belarús,"BLR","Población, mujeres","SP.POP.TOTL.FE.IN","4491893","5078365"
Belarús,"BLR","Población, total","SP.POP.TOTL","8198000","9498264"
Bélgica,"BEL","Esperanza de vida al nacer, mujeres (años)","SP.DYN.LE00.FE.IN","72.77","84"
Bélgica,"BEL","Esperanza de vida al nacer, total (años)","SP.DYN.LE00.IN","69.7019512195122","81.4390243902439"
Bélgica,"BEL","Esperanza de vida al nacer, varones (años)","SP.DYN.LE00.MA.IN","66.78","79"
Bélgica,"BEL","PIB (US$ a precios actuales)","NY.GDP.MKTP.CD","11658722590.99","494763551890.776"
Bélgica,"BEL","Población, hombres","SP.POP.TOTL.MA.IN","4503524","5612740"
Bélgica,"BEL","Población, mujeres","SP.POP.TOTL.FE.IN","4649965","5769653"
Bélgica,"BEL","Población, total","SP.POP.TOTL","9153489","11382393"
Bosnia y Herzegovina,"BIH","Esperanza de vida al nacer, mujeres (años)","SP.DYN.LE00.FE.IN","61.941","79.564"
Bosnia y Herzegovina,"BIH","Esperanza de vida al nacer, total (años)","SP.DYN.LE00.IN","60.353","77.087"
Bosnia y Herzegovina,"BIH","Esperanza de vida al nacer, varones (años)","SP.DYN.LE00.MA.IN","58.68","74.551"
Bosnia y Herzegovina,"BIH","PIB (US$ a precios actuales)","NY.GDP.MKTP.CD","NA","18054854788.5214"
Bosnia y Herzegovina,"BIH","Población, hombres","SP.POP.TOTL.MA.IN","1582400","1721710"
Bosnia y Herzegovina,"BIH","Población, mujeres","SP.POP.TOTL.FE.IN","1643268","1785307"
Bosnia y Herzegovina,"BIH","Población, total","SP.POP.TOTL","3225668","3507017"
Bulgaria,"BGR","Esperanza de vida al nacer, mujeres (años)","SP.DYN.LE00.FE.IN","71.03","78.5"
Bulgaria,"BGR","Esperanza de vida al nacer, total (años)","SP.DYN.LE00.IN","69.2475609756098","74.8121951219512"
Bulgaria,"BGR","Esperanza de vida al nacer, varones (años)","SP.DYN.LE00.MA.IN","67.55","71.3"
Bulgaria,"BGR","PIB (US$ a precios actuales)","NY.GDP.MKTP.CD","NA","58220973782.7715"
Bulgaria,"BGR","Población, hombres","SP.POP.TOTL.MA.IN","3928033","3439703"
Bulgaria,"BGR","Población, mujeres","SP.POP.TOTL.FE.IN","3939341","3636244"
Bulgaria,"BGR","Población, total","SP.POP.TOTL","7867374","7075947"
Chipre,"CYP","Esperanza de vida al nacer, mujeres (años)","SP.DYN.LE00.FE.IN","71.655","82.795"
Chipre,"CYP","Esperanza de vida al nacer, total (años)","SP.DYN.LE00.IN","69.618","80.67"
Chipre,"CYP","Esperanza de vida al nacer, varones (años)","SP.DYN.LE00.MA.IN","67.631","78.539"
Chipre,"CYP","PIB (US$ a precios actuales)","NY.GDP.MKTP.CD","NA","22054225828.2623"
Chipre,"CYP","Población, hombres","SP.POP.TOTL.MA.IN","281665","590482"
Chipre,"CYP","Población, mujeres","SP.POP.TOTL.FE.IN","291265","589069"
Chipre,"CYP","Población, total","SP.POP.TOTL","572930","1179551"
Croacia,"HRV","Esperanza de vida al nacer, mujeres (años)","SP.DYN.LE00.FE.IN","67.248","80.9"
Croacia,"HRV","Esperanza de vida al nacer, total (años)","SP.DYN.LE00.IN","64.6086585365854","77.8268292682927"
Croacia,"HRV","Esperanza de vida al nacer, varones (años)","SP.DYN.LE00.MA.IN","62.095","74.9"
Croacia,"HRV","PIB (US$ a precios actuales)","NY.GDP.MKTP.CD","NA","55213087270.6341"
Croacia,"HRV","Población, hombres","SP.POP.TOTL.MA.IN","1988205","1988177"
Croacia,"HRV","Población, mujeres","SP.POP.TOTL.FE.IN","2151976","2136354"
Croacia,"HRV","Población, total","SP.POP.TOTL","4140181","4124531"
Dinamarca,"DNK","Esperanza de vida al nacer, mujeres (años)","SP.DYN.LE00.FE.IN","74","82.9"
Dinamarca,"DNK","Esperanza de vida al nacer, total (años)","SP.DYN.LE00.IN","72.1765853658537","81.0048780487805"
Dinamarca,"DNK","Esperanza de vida al nacer, varones (años)","SP.DYN.LE00.MA.IN","70.44","79.2"
Dinamarca,"DNK","PIB (US$ a precios actuales)","NY.GDP.MKTP.CD","6248946880.2777","329865537183.471"
Dinamarca,"DNK","Población, hombres","SP.POP.TOTL.MA.IN","2272194","2867362"
Dinamarca,"DNK","Población, mujeres","SP.POP.TOTL.FE.IN","2307409","2897618"
Dinamarca,"DNK","Población, total","SP.POP.TOTL","4579603","5764980"
Eslovenia,"SVN","Esperanza de vida al nacer, mujeres (años)","SP.DYN.LE00.FE.IN","72","84.3"
Eslovenia,"SVN","Esperanza de vida al nacer, total (años)","SP.DYN.LE00.IN","68.9780487804878","81.1756097560976"
Eslovenia,"SVN","Esperanza de vida al nacer, varones (años)","SP.DYN.LE00.MA.IN","66.1","78.2"
Eslovenia,"SVN","PIB (US$ a precios actuales)","NY.GDP.MKTP.CD","NA","48769655479.2388"
Eslovenia,"SVN","Población, hombres","SP.POP.TOTL.MA.IN","759149","1026077"
Eslovenia,"SVN","Población, mujeres","SP.POP.TOTL.FE.IN","825571","1040311"
Eslovenia,"SVN","Población, total","SP.POP.TOTL","1584720","2066388"
España,"ESP","Esperanza de vida al nacer, mujeres (años)","SP.DYN.LE00.FE.IN","71.66","86.3"
España,"ESP","Esperanza de vida al nacer, total (años)","SP.DYN.LE00.IN","69.1092682926829","83.3292682926829"
España,"ESP","Esperanza de vida al nacer, varones (años)","SP.DYN.LE00.MA.IN","66.68","80.5"
España,"ESP","PIB (US$ a precios actuales)","NY.GDP.MKTP.CD","12072126075.397","1314314164402.2"
España,"ESP","Población, hombres","SP.POP.TOTL.MA.IN","14791891","22846875"
España,"ESP","Población, mujeres","SP.POP.TOTL.FE.IN","15663109","23746296"
España,"ESP","Población, total","SP.POP.TOTL","30455000","46593171"
Estonia,"EST","Esperanza de vida al nacer, mujeres (años)","SP.DYN.LE00.FE.IN","72.023","82.2"
Estonia,"EST","Esperanza de vida al nacer, total (años)","SP.DYN.LE00.IN","67.9029024390244","77.6414634146342"
Estonia,"EST","Esperanza de vida al nacer, varones (años)","SP.DYN.LE00.MA.IN","63.979","73.3"
Estonia,"EST","PIB (US$ a precios actuales)","NY.GDP.MKTP.CD","NA","26611651598.9452"
Estonia,"EST","Población, hombres","SP.POP.TOTL.MA.IN","534851","617254"
Estonia,"EST","Población, mujeres","SP.POP.TOTL.FE.IN","676686","700130"
Estonia,"EST","Población, total","SP.POP.TOTL","1211537","1317384"
Federación de Rusia,"RUS","Esperanza de vida al nacer, mujeres (años)","SP.DYN.LE00.FE.IN","70.243","77.41"
Federación de Rusia,"RUS","Esperanza de vida al nacer, total (años)","SP.DYN.LE00.IN","66.0552926829268","72.1190243902439"
Federación de Rusia,"RUS","Esperanza de vida al nacer, varones (años)","SP.DYN.LE00.MA.IN","62.067","67.08"
Federación de Rusia,"RUS","PIB (US$ a precios actuales)","NY.GDP.MKTP.CD","NA","1578417211936.87"
Federación de Rusia,"RUS","Población, hombres","SP.POP.TOTL.MA.IN","53698906","67152910"
Federación de Rusia,"RUS","Población, mujeres","SP.POP.TOTL.FE.IN","66198094","77343830"
Federación de Rusia,"RUS","Población, total","SP.POP.TOTL","119897000","144496740"
Finlandia,"FIN","Esperanza de vida al nacer, mujeres (años)","SP.DYN.LE00.FE.IN","72.4","84.4"
Finlandia,"FIN","Esperanza de vida al nacer, total (años)","SP.DYN.LE00.IN","68.819756097561","81.4292682926829"
Finlandia,"FIN","Esperanza de vida al nacer, varones (años)","SP.DYN.LE00.MA.IN","65.41","78.6"
Finlandia,"FIN","PIB (US$ a precios actuales)","NY.GDP.MKTP.CD","5224102195.52771","252301837573.029"
Finlandia,"FIN","Población, hombres","SP.POP.TOTL.MA.IN","2133537","2714364"
Finlandia,"FIN","Población, mujeres","SP.POP.TOTL.FE.IN","2296097","2793850"
Finlandia,"FIN","Población, total","SP.POP.TOTL","4429634","5508214"
Francia,"FRA","Esperanza de vida al nacer, mujeres (años)","SP.DYN.LE00.FE.IN","73.3","85.7"
Francia,"FRA","Esperanza de vida al nacer, total (años)","SP.DYN.LE00.IN","69.8682926829268","82.5243902439024"
Francia,"FRA","Esperanza de vida al nacer, varones (años)","SP.DYN.LE00.MA.IN","66.6","79.5"
Francia,"FRA","PIB (US$ a precios actuales)","NY.GDP.MKTP.CD","62651474946.6007","2582501307216.42"
Francia,"FRA","Población, hombres","SP.POP.TOTL.MA.IN","22770030","32993980"
Francia,"FRA","Población, mujeres","SP.POP.TOTL.FE.IN","24044207","34111533"
Francia,"FRA","Población, total","SP.POP.TOTL","46814237","67105513"
Georgia,"GEO","Esperanza de vida al nacer, mujeres (años)","SP.DYN.LE00.FE.IN","67.365","77.639"
Georgia,"GEO","Esperanza de vida al nacer, total (años)","SP.DYN.LE00.IN","63.651","73.436"
Georgia,"GEO","Esperanza de vida al nacer, varones (años)","SP.DYN.LE00.MA.IN","59.686","69.172"
Georgia,"GEO","PIB (US$ a precios actuales)","NY.GDP.MKTP.CD","NA","15081338092.2875"
Georgia,"GEO","Población, hombres","SP.POP.TOTL.MA.IN","1698431","1779941"
Georgia,"GEO","Población, mujeres","SP.POP.TOTL.FE.IN","1947169","1948063"
Georgia,"GEO","Población, total","SP.POP.TOTL","3645600","3728004"
Gibraltar,"GIB","Esperanza de vida al nacer, mujeres (años)","SP.DYN.LE00.FE.IN","NA","NA"
Gibraltar,"GIB","Esperanza de vida al nacer, total (años)","SP.DYN.LE00.IN","NA","NA"
Gibraltar,"GIB","Esperanza de vida al nacer, varones (años)","SP.DYN.LE00.MA.IN","NA","NA"
Gibraltar,"GIB","PIB (US$ a precios actuales)","NY.GDP.MKTP.CD","NA","NA"
Gibraltar,"GIB","Población, hombres","SP.POP.TOTL.MA.IN","NA","NA"
Gibraltar,"GIB","Población, mujeres","SP.POP.TOTL.FE.IN","NA","NA"
Gibraltar,"GIB","Población, total","SP.POP.TOTL","23394","34571"
Grecia,"GRC","Esperanza de vida al nacer, mujeres (años)","SP.DYN.LE00.FE.IN","70.541","84"
Grecia,"GRC","Esperanza de vida al nacer, total (años)","SP.DYN.LE00.IN","68.1639024390244","81.3878048780488"
Grecia,"GRC","Esperanza de vida al nacer, varones (años)","SP.DYN.LE00.MA.IN","65.9","78.9"
Grecia,"GRC","PIB (US$ a precios actuales)","NY.GDP.MKTP.CD","4446528164.67559","203085551429.132"
Grecia,"GRC","Población, hombres","SP.POP.TOTL.MA.IN","4084091","5292904"
Grecia,"GRC","Población, mujeres","SP.POP.TOTL.FE.IN","4247634","5460627"
Grecia,"GRC","Población, total","SP.POP.TOTL","8331725","10753531"
Groenlandia,"GRL","Esperanza de vida al nacer, mujeres (años)","SP.DYN.LE00.FE.IN","NA","NA"
Groenlandia,"GRL","Esperanza de vida al nacer, total (años)","SP.DYN.LE00.IN","NA","NA"
Groenlandia,"GRL","Esperanza de vida al nacer, varones (años)","SP.DYN.LE00.MA.IN","NA","NA"
Groenlandia,"GRL","PIB (US$ a precios actuales)","NY.GDP.MKTP.CD","NA","NA"
Groenlandia,"GRL","Población, hombres","SP.POP.TOTL.MA.IN","NA","NA"
Groenlandia,"GRL","Población, mujeres","SP.POP.TOTL.FE.IN","NA","NA"
Groenlandia,"GRL","Población, total","SP.POP.TOTL","32500","56171"
Hungría,"HUN","Esperanza de vida al nacer, mujeres (años)","SP.DYN.LE00.FE.IN","70.18","79.7"
Hungría,"HUN","Esperanza de vida al nacer, total (años)","SP.DYN.LE00.IN","68.0031707317073","76.0634146341464"
Hungría,"HUN","Esperanza de vida al nacer, varones (años)","SP.DYN.LE00.MA.IN","65.93","72.6"
Hungría,"HUN","PIB (US$ a precios actuales)","NY.GDP.MKTP.CD","NA","139761138102.757"
Hungría,"HUN","Población, hombres","SP.POP.TOTL.MA.IN","4814002","4656111"
Hungría,"HUN","Población, mujeres","SP.POP.TOTL.FE.IN","5169965","5131855"
Hungría,"HUN","Población, total","SP.POP.TOTL","9983967","9787966"
Irlanda,"IRL","Esperanza de vida al nacer, mujeres (años)","SP.DYN.LE00.FE.IN","71.707","83.8"
Irlanda,"IRL","Esperanza de vida al nacer, total (años)","SP.DYN.LE00.IN","69.796512195122","81.9560975609756"
Irlanda,"IRL","Esperanza de vida al nacer, varones (años)","SP.DYN.LE00.MA.IN","67.977","80.2"
Irlanda,"IRL","PIB (US$ a precios actuales)","NY.GDP.MKTP.CD","1939329775.43739","331430014003.047"
Irlanda,"IRL","Población, hombres","SP.POP.TOTL.MA.IN","1422769","2386201"
Irlanda,"IRL","Población, mujeres","SP.POP.TOTL.FE.IN","1405831","2425120"
Irlanda,"IRL","Población, total","SP.POP.TOTL","2828600","4811321"
Isla de Man,"IMN","Esperanza de vida al nacer, mujeres (años)","SP.DYN.LE00.FE.IN","NA","NA"
Isla de Man,"IMN","Esperanza de vida al nacer, total (años)","SP.DYN.LE00.IN","NA","NA"
Isla de Man,"IMN","Esperanza de vida al nacer, varones (años)","SP.DYN.LE00.MA.IN","NA","NA"
Isla de Man,"IMN","PIB (US$ a precios actuales)","NY.GDP.MKTP.CD","NA","NA"
Isla de Man,"IMN","Población, hombres","SP.POP.TOTL.MA.IN","NA","NA"
Isla de Man,"IMN","Población, mujeres","SP.POP.TOTL.FE.IN","NA","NA"
Isla de Man,"IMN","Población, total","SP.POP.TOTL","48442","84287"
Islandia,"ISL","Esperanza de vida al nacer, mujeres (años)","SP.DYN.LE00.FE.IN","75.81","84.1"
Islandia,"ISL","Esperanza de vida al nacer, total (años)","SP.DYN.LE00.IN","73.4231707317073","82.2048780487805"
Islandia,"ISL","Esperanza de vida al nacer, varones (años)","SP.DYN.LE00.MA.IN","71.15","80.4"
Islandia,"ISL","PIB (US$ a precios actuales)","NY.GDP.MKTP.CD","248434096.968726","24488467010.4793"
Islandia,"ISL","Población, hombres","SP.POP.TOTL.MA.IN","88712","172300"
Islandia,"ISL","Población, mujeres","SP.POP.TOTL.FE.IN","86862","171100"
Islandia,"ISL","Población, total","SP.POP.TOTL","175574","343400"
Islas del Canal,"CHI","Esperanza de vida al nacer, mujeres (años)","SP.DYN.LE00.FE.IN","73.61","82.943"
Islas del Canal,"CHI","Esperanza de vida al nacer, total (años)","SP.DYN.LE00.IN","70.739","81.255"
Islas del Canal,"CHI","Esperanza de vida al nacer, varones (años)","SP.DYN.LE00.MA.IN","67.811","79.507"
Islas del Canal,"CHI","PIB (US$ a precios actuales)","NY.GDP.MKTP.CD","NA","NA"
Islas del Canal,"CHI","Población, hombres","SP.POP.TOTL.MA.IN","52960","81995"
Islas del Canal,"CHI","Población, mujeres","SP.POP.TOTL.FE.IN","56460","83319"
Islas del Canal,"CHI","Población, total","SP.POP.TOTL","109420","165314"
Islas Feroe,"FRO","Esperanza de vida al nacer, mujeres (años)","SP.DYN.LE00.FE.IN","NA","84.5"
Islas Feroe,"FRO","Esperanza de vida al nacer, total (años)","SP.DYN.LE00.IN","NA","82.4"
Islas Feroe,"FRO","Esperanza de vida al nacer, varones (años)","SP.DYN.LE00.MA.IN","NA","80.4"
Islas Feroe,"FRO","PIB (US$ a precios actuales)","NY.GDP.MKTP.CD","NA","NA"
Islas Feroe,"FRO","Población, hombres","SP.POP.TOTL.MA.IN","NA","NA"
Islas Feroe,"FRO","Población, mujeres","SP.POP.TOTL.FE.IN","NA","NA"
Islas Feroe,"FRO","Población, total","SP.POP.TOTL","34661","49290"
Italia,"ITA","Esperanza de vida al nacer, mujeres (años)","SP.DYN.LE00.FE.IN","71.69","85.6"
Italia,"ITA","Esperanza de vida al nacer, total (años)","SP.DYN.LE00.IN","69.1239024390244","83.2439024390244"
Italia,"ITA","Esperanza de vida al nacer, varones (años)","SP.DYN.LE00.MA.IN","66.68","81"
Italia,"ITA","PIB (US$ a precios actuales)","NY.GDP.MKTP.CD","40385288344.1911","1943835376341.56"
Italia,"ITA","Población, hombres","SP.POP.TOTL.MA.IN","24417976","29502656"
Italia,"ITA","Población, mujeres","SP.POP.TOTL.FE.IN","25781724","31034053"
Italia,"ITA","Población, total","SP.POP.TOTL","50199700","60536709"
Kazajstán,"KAZ","Esperanza de vida al nacer, mujeres (años)","SP.DYN.LE00.FE.IN","63.761","76.92"
Kazajstán,"KAZ","Esperanza de vida al nacer, total (años)","SP.DYN.LE00.IN","58.3675853658537","72.95"
Kazajstán,"KAZ","Esperanza de vida al nacer, varones (años)","SP.DYN.LE00.MA.IN","53.231","68.72"
Kazajstán,"KAZ","PIB (US$ a precios actuales)","NY.GDP.MKTP.CD","NA","162886867831.694"
Kazajstán,"KAZ","Población, hombres","SP.POP.TOTL.MA.IN","4677205","8736197"
Kazajstán,"KAZ","Población, mujeres","SP.POP.TOTL.FE.IN","5037055","9301579"
Kazajstán,"KAZ","Población, total","SP.POP.TOTL","9714260","18037776"
Kirguistán,"KGZ","Esperanza de vida al nacer, mujeres (años)","SP.DYN.LE00.FE.IN","60.451","75.4"
Kirguistán,"KGZ","Esperanza de vida al nacer, total (años)","SP.DYN.LE00.IN","56.1280731707317","71.2"
Kirguistán,"KGZ","Esperanza de vida al nacer, varones (años)","SP.DYN.LE00.MA.IN","52.011","67.2"
Kirguistán,"KGZ","PIB (US$ a precios actuales)","NY.GDP.MKTP.CD","NA","7564738836.04122"
Kirguistán,"KGZ","Población, hombres","SP.POP.TOTL.MA.IN","1032105","3073422"
Kirguistán,"KGZ","Población, mujeres","SP.POP.TOTL.FE.IN","1140195","3124778"
Kirguistán,"KGZ","Población, total","SP.POP.TOTL","2172300","6198200"
Kosovo,"XKX","Esperanza de vida al nacer, mujeres (años)","SP.DYN.LE00.FE.IN","NA","74.2"
Kosovo,"XKX","Esperanza de vida al nacer, total (años)","SP.DYN.LE00.IN","NA","71.9463414634146"
Kosovo,"XKX","Esperanza de vida al nacer, varones (años)","SP.DYN.LE00.MA.IN","NA","69.8"
Kosovo,"XKX","PIB (US$ a precios actuales)","NY.GDP.MKTP.CD","NA","7244888738.28081"
Kosovo,"XKX","Población, hombres","SP.POP.TOTL.MA.IN","NA","NA"
Kosovo,"XKX","Población, mujeres","SP.POP.TOTL.FE.IN","NA","NA"
Kosovo,"XKX","Población, total","SP.POP.TOTL","947000","1830700"
Letonia,"LVA","Esperanza de vida al nacer, mujeres (años)","SP.DYN.LE00.FE.IN","73.49","79.7"
Letonia,"LVA","Esperanza de vida al nacer, total (años)","SP.DYN.LE00.IN","69.7868292682927","74.6804878048781"
Letonia,"LVA","Esperanza de vida al nacer, varones (años)","SP.DYN.LE00.MA.IN","66.26","69.9"
Letonia,"LVA","PIB (US$ a precios actuales)","NY.GDP.MKTP.CD","NA","30463302413.7289"
Letonia,"LVA","Población, hombres","SP.POP.TOTL.MA.IN","936052","892008"
Letonia,"LVA","Población, mujeres","SP.POP.TOTL.FE.IN","1184927","1050240"
Letonia,"LVA","Población, total","SP.POP.TOTL","2120979","1942248"
Liechtenstein,"LIE","Esperanza de vida al nacer, mujeres (años)","SP.DYN.LE00.FE.IN","NA","84"
Liechtenstein,"LIE","Esperanza de vida al nacer, total (años)","SP.DYN.LE00.IN","NA","82.2585365853659"
Liechtenstein,"LIE","Esperanza de vida al nacer, varones (años)","SP.DYN.LE00.MA.IN","NA","80.6"
Liechtenstein,"LIE","PIB (US$ a precios actuales)","NY.GDP.MKTP.CD","NA","NA"
Liechtenstein,"LIE","Población, hombres","SP.POP.TOTL.MA.IN","NA","NA"
Liechtenstein,"LIE","Población, mujeres","SP.POP.TOTL.FE.IN","NA","NA"
Liechtenstein,"LIE","Población, total","SP.POP.TOTL","16495","37922"
Lituania,"LTU","Esperanza de vida al nacer, mujeres (años)","SP.DYN.LE00.FE.IN","72.9","80.1"
Lituania,"LTU","Esperanza de vida al nacer, total (años)","SP.DYN.LE00.IN","69.8473170731707","74.6707317073171"
Lituania,"LTU","Esperanza de vida al nacer, varones (años)","SP.DYN.LE00.MA.IN","66.94","69.5"
Lituania,"LTU","PIB (US$ a precios actuales)","NY.GDP.MKTP.CD","NA","47544459558.9514"
Lituania,"LTU","Población, hombres","SP.POP.TOTL.MA.IN","1280906","1303100"
Lituania,"LTU","Población, mujeres","SP.POP.TOTL.FE.IN","1497644","1525303"
Lituania,"LTU","Población, total","SP.POP.TOTL","2778550","2828403"
Luxemburgo,"LUX","Esperanza de vida al nacer, mujeres (años)","SP.DYN.LE00.FE.IN","71.685","85.4"
Luxemburgo,"LUX","Esperanza de vida al nacer, total (años)","SP.DYN.LE00.IN","68.4463902439024","82.6853658536585"
Luxemburgo,"LUX","Esperanza de vida al nacer, varones (años)","SP.DYN.LE00.MA.IN","65.362","80.1"
Luxemburgo,"LUX","PIB (US$ a precios actuales)","NY.GDP.MKTP.CD","703925705.942958","62316359824.1281"
Luxemburgo,"LUX","Población, hombres","SP.POP.TOTL.MA.IN","155067","299699"
Luxemburgo,"LUX","Población, mujeres","SP.POP.TOTL.FE.IN","158903","296637"
Luxemburgo,"LUX","Población, total","SP.POP.TOTL","313970","596336"
Macedonia del Norte,"MKD","Esperanza de vida al nacer, mujeres (años)","SP.DYN.LE00.FE.IN","61.072","77.906"
Macedonia del Norte,"MKD","Esperanza de vida al nacer, total (años)","SP.DYN.LE00.IN","60.633","75.851"
Macedonia del Norte,"MKD","Esperanza de vida al nacer, varones (años)","SP.DYN.LE00.MA.IN","60.195","73.85"
Macedonia del Norte,"MKD","PIB (US$ a precios actuales)","NY.GDP.MKTP.CD","NA","11279509013.9119"
Macedonia del Norte,"MKD","Población, hombres","SP.POP.TOTL.MA.IN","753383","1041429"
Macedonia del Norte,"MKD","Población, mujeres","SP.POP.TOTL.FE.IN","735284","1041731"
Macedonia del Norte,"MKD","Población, total","SP.POP.TOTL","1488667","2083160"
Mónaco,"MCO","Esperanza de vida al nacer, mujeres (años)","SP.DYN.LE00.FE.IN","NA","NA"
Mónaco,"MCO","Esperanza de vida al nacer, total (años)","SP.DYN.LE00.IN","NA","NA"
Mónaco,"MCO","Esperanza de vida al nacer, varones (años)","SP.DYN.LE00.MA.IN","NA","NA"
Mónaco,"MCO","PIB (US$ a precios actuales)","NY.GDP.MKTP.CD","NA","NA"
Mónaco,"MCO","Población, hombres","SP.POP.TOTL.MA.IN","NA","NA"
Mónaco,"MCO","Población, mujeres","SP.POP.TOTL.FE.IN","NA","NA"
Mónaco,"MCO","Población, total","SP.POP.TOTL","22452","38695"
Montenegro,"MNE","Esperanza de vida al nacer, mujeres (años)","SP.DYN.LE00.FE.IN","64.961","79.623"
Montenegro,"MNE","Esperanza de vida al nacer, total (años)","SP.DYN.LE00.IN","63.82","77.271"
Montenegro,"MNE","Esperanza de vida al nacer, varones (años)","SP.DYN.LE00.MA.IN","62.51","74.889"
Montenegro,"MNE","PIB (US$ a precios actuales)","NY.GDP.MKTP.CD","NA","4844592066.71174"
Montenegro,"MNE","Población, hombres","SP.POP.TOTL.MA.IN","233976","307060"
Montenegro,"MNE","Población, mujeres","SP.POP.TOTL.FE.IN","246603","315313"
Montenegro,"MNE","Población, total","SP.POP.TOTL","480579","622373"
Noruega,"NOR","Esperanza de vida al nacer, mujeres (años)","SP.DYN.LE00.FE.IN","75.87","84.2"
Noruega,"NOR","Esperanza de vida al nacer, total (años)","SP.DYN.LE00.IN","73.549756097561","82.509756097561"
Noruega,"NOR","Esperanza de vida al nacer, varones (años)","SP.DYN.LE00.MA.IN","71.34","80.9"
Noruega,"NOR","PIB (US$ a precios actuales)","NY.GDP.MKTP.CD","5163271598.15702","399488897844.046"
Noruega,"NOR","Población, hombres","SP.POP.TOTL.MA.IN","1783839","2662423"
Noruega,"NOR","Población, mujeres","SP.POP.TOTL.FE.IN","1797400","2614545"
Noruega,"NOR","Población, total","SP.POP.TOTL","3581239","5276968"
Países Bajos,"NLD","Esperanza de vida al nacer, mujeres (años)","SP.DYN.LE00.FE.IN","75.38","83.2"
Países Bajos,"NLD","Esperanza de vida al nacer, total (años)","SP.DYN.LE00.IN","73.3926829268293","81.5609756097561"
Países Bajos,"NLD","Esperanza de vida al nacer, varones (años)","SP.DYN.LE00.MA.IN","71.5","80"
Países Bajos,"NLD","PIB (US$ a precios actuales)","NY.GDP.MKTP.CD","12276734172.0828","830572618849.828"
Países Bajos,"NLD","Población, hombres","SP.POP.TOTL.MA.IN","5719411","8523714"
Países Bajos,"NLD","Población, mujeres","SP.POP.TOTL.FE.IN","5767220","8607582"
Países Bajos,"NLD","Población, total","SP.POP.TOTL","11486631","17131296"
Polonia,"POL","Esperanza de vida al nacer, mujeres (años)","SP.DYN.LE00.FE.IN","70.6","82"
Polonia,"POL","Esperanza de vida al nacer, total (años)","SP.DYN.LE00.IN","67.6804878048781","77.8512195121951"
Polonia,"POL","Esperanza de vida al nacer, varones (años)","SP.DYN.LE00.MA.IN","64.9","73.9"
Polonia,"POL","PIB (US$ a precios actuales)","NY.GDP.MKTP.CD","NA","526465839002.568"
Polonia,"POL","Población, hombres","SP.POP.TOTL.MA.IN","14335301","18339220"
Polonia,"POL","Población, mujeres","SP.POP.TOTL.FE.IN","15302149","19635606"
Polonia,"POL","Población, total","SP.POP.TOTL","29637450","37974826"
Portugal,"PRT","Esperanza de vida al nacer, mujeres (años)","SP.DYN.LE00.FE.IN","65.668","84.3"
Portugal,"PRT","Esperanza de vida al nacer, total (años)","SP.DYN.LE00.IN","62.8089268292683","81.1243902439025"
Portugal,"PRT","Esperanza de vida al nacer, varones (años)","SP.DYN.LE00.MA.IN","60.086","78.1"
Portugal,"PRT","PIB (US$ a precios actuales)","NY.GDP.MKTP.CD","3193200404.37297","219308128887.409"
Portugal,"PRT","Población, hombres","SP.POP.TOTL.MA.IN","4238063","4874667"
Portugal,"PRT","Población, mujeres","SP.POP.TOTL.FE.IN","4619653","5425633"
Portugal,"PRT","Población, total","SP.POP.TOTL","8857716","10300300"
Reino Unido,"GBR","Esperanza de vida al nacer, mujeres (años)","SP.DYN.LE00.FE.IN","74.2","83"
Reino Unido,"GBR","Esperanza de vida al nacer, total (años)","SP.DYN.LE00.IN","71.1268292682927","81.1560975609756"
Reino Unido,"GBR","Esperanza de vida al nacer, varones (años)","SP.DYN.LE00.MA.IN","68.2","79.4"
Reino Unido,"GBR","PIB (US$ a precios actuales)","NY.GDP.MKTP.CD","72328047042.1588","2637866340434.13"
Reino Unido,"GBR","Población, hombres","SP.POP.TOTL.MA.IN","25304066","32576706"
Reino Unido,"GBR","Población, mujeres","SP.POP.TOTL.FE.IN","27095934","33446584"
Reino Unido,"GBR","Población, total","SP.POP.TOTL","52400000","66023290"
República Checa,"CZE","Esperanza de vida al nacer, mujeres (años)","SP.DYN.LE00.FE.IN","73.34","82.6"
República Checa,"CZE","Esperanza de vida al nacer, total (años)","SP.DYN.LE00.IN","70.3487804878049","79.4756097560976"
República Checa,"CZE","Esperanza de vida al nacer, varones (años)","SP.DYN.LE00.MA.IN","67.5","76.5"
República Checa,"CZE","PIB (US$ a precios actuales)","NY.GDP.MKTP.CD","NA","215913545038.43"
República Checa,"CZE","Población, hombres","SP.POP.TOTL.MA.IN","4669302","5207665"
República Checa,"CZE","Población, mujeres","SP.POP.TOTL.FE.IN","4932704","5386773"
República Checa,"CZE","Población, total","SP.POP.TOTL","9602006","10594438"
República de Moldova,"MDA","Esperanza de vida al nacer, mujeres (años)","SP.DYN.LE00.FE.IN","65.791","75.996"
República de Moldova,"MDA","Esperanza de vida al nacer, total (años)","SP.DYN.LE00.IN","61.995","71.718"
República de Moldova,"MDA","Esperanza de vida al nacer, varones (años)","SP.DYN.LE00.MA.IN","58.024","67.441"
República de Moldova,"MDA","PIB (US$ a precios actuales)","NY.GDP.MKTP.CD","NA","8128493432.07741"
República de Moldova,"MDA","Población, hombres","SP.POP.TOTL.MA.IN","1190215","1702941"
República de Moldova,"MDA","Población, mujeres","SP.POP.TOTL.FE.IN","1353785","1846255"
República de Moldova,"MDA","Población, total","SP.POP.TOTL","2544000","3549196"
República Eslovaca,"SVK","Esperanza de vida al nacer, mujeres (años)","SP.DYN.LE00.FE.IN","72.206","80.7"
República Eslovaca,"SVK","Esperanza de vida al nacer, total (años)","SP.DYN.LE00.IN","69.9236585365854","77.1658536585366"
República Eslovaca,"SVK","Esperanza de vida al nacer, varones (años)","SP.DYN.LE00.MA.IN","67.75","73.8"
República Eslovaca,"SVK","PIB (US$ a precios actuales)","NY.GDP.MKTP.CD","NA","95617670260.1144"
República Eslovaca,"SVK","Población, hombres","SP.POP.TOTL.MA.IN","2008036","2644240"
República Eslovaca,"SVK","Población, mujeres","SP.POP.TOTL.FE.IN","2060059","2794992"
República Eslovaca,"SVK","Población, total","SP.POP.TOTL","4068095","5439232"
Rumania,"ROU","Esperanza de vida al nacer, mujeres (años)","SP.DYN.LE00.FE.IN","67.514","79.1"
Rumania,"ROU","Esperanza de vida al nacer, total (años)","SP.DYN.LE00.IN","65.6424390243903","75.309756097561"
Rumania,"ROU","Esperanza de vida al nacer, varones (años)","SP.DYN.LE00.MA.IN","63.86","71.7"
Rumania,"ROU","PIB (US$ a precios actuales)","NY.GDP.MKTP.CD","NA","211883923504.01"
Rumania,"ROU","Población, hombres","SP.POP.TOTL.MA.IN","8988911","9488259"
Rumania,"ROU","Población, mujeres","SP.POP.TOTL.FE.IN","9417994","10095727"
Rumania,"ROU","Población, total","SP.POP.TOTL","18406905","19583986"
San Marino,"SMR","Esperanza de vida al nacer, mujeres (años)","SP.DYN.LE00.FE.IN","NA","NA"
San Marino,"SMR","Esperanza de vida al nacer, total (años)","SP.DYN.LE00.IN","NA","NA"
San Marino,"SMR","Esperanza de vida al nacer, varones (años)","SP.DYN.LE00.MA.IN","NA","NA"
San Marino,"SMR","PIB (US$ a precios actuales)","NY.GDP.MKTP.CD","NA","1632860040.56795"
San Marino,"SMR","Población, hombres","SP.POP.TOTL.MA.IN","NA","NA"
San Marino,"SMR","Población, mujeres","SP.POP.TOTL.FE.IN","NA","NA"
San Marino,"SMR","Población, total","SP.POP.TOTL","15397","33400"
Serbia,"SRB","Esperanza de vida al nacer, mujeres (años)","SP.DYN.LE00.FE.IN","NA","78.7"
Serbia,"SRB","Esperanza de vida al nacer, total (años)","SP.DYN.LE00.IN","NA","76.0878048780488"
Serbia,"SRB","Esperanza de vida al nacer, varones (años)","SP.DYN.LE00.MA.IN","NA","73.6"
Serbia,"SRB","PIB (US$ a precios actuales)","NY.GDP.MKTP.CD","NA","41431648801.1663"
Serbia,"SRB","Población, hombres","SP.POP.TOTL.MA.IN","NA","3430676"
Serbia,"SRB","Población, mujeres","SP.POP.TOTL.FE.IN","NA","3590182"
Serbia,"SRB","Población, total","SP.POP.TOTL","NA","7020858"
Suecia,"SWE","Esperanza de vida al nacer, mujeres (años)","SP.DYN.LE00.FE.IN","74.87","84.1"
Suecia,"SWE","Esperanza de vida al nacer, total (años)","SP.DYN.LE00.IN","73.0056097560976","82.3073170731707"
Suecia,"SWE","Esperanza de vida al nacer, varones (años)","SP.DYN.LE00.MA.IN","71.23","80.6"
Suecia,"SWE","PIB (US$ a precios actuales)","NY.GDP.MKTP.CD","14842870293.4207","535607385506.432"
Suecia,"SWE","Población, hombres","SP.POP.TOTL.MA.IN","3733198","5033284"
Suecia,"SWE","Población, mujeres","SP.POP.TOTL.FE.IN","3751458","5024414"
Suecia,"SWE","Población, total","SP.POP.TOTL","7484656","10057698"
Suiza,"CHE","Esperanza de vida al nacer, mujeres (años)","SP.DYN.LE00.FE.IN","74.11","85.6"
Suiza,"CHE","Esperanza de vida al nacer, total (años)","SP.DYN.LE00.IN","71.3134146341463","83.6024390243903"
Suiza,"CHE","Esperanza de vida al nacer, varones (años)","SP.DYN.LE00.MA.IN","68.65","81.7"
Suiza,"CHE","PIB (US$ a precios actuales)","NY.GDP.MKTP.CD","9522746719.21614","678965423322.021"
Suiza,"CHE","Población, hombres","SP.POP.TOTL.MA.IN","2580714","4187033"
Suiza,"CHE","Población, mujeres","SP.POP.TOTL.FE.IN","2747113","4263818"
Suiza,"CHE","Población, total","SP.POP.TOTL","5327827","8450851"
Tayikistán,"TJK","Esperanza de vida al nacer, mujeres (años)","SP.DYN.LE00.FE.IN","58.63","74.361"
Tayikistán,"TJK","Esperanza de vida al nacer, total (años)","SP.DYN.LE00.IN","56.152","71.214"
Tayikistán,"TJK","Esperanza de vida al nacer, varones (años)","SP.DYN.LE00.MA.IN","53.795","68.428"
Tayikistán,"TJK","PIB (US$ a precios actuales)","NY.GDP.MKTP.CD","NA","7146449583.02631"
Tayikistán,"TJK","Población, hombres","SP.POP.TOTL.MA.IN","1015083","4480617"
Tayikistán,"TJK","Población, mujeres","SP.POP.TOTL.FE.IN","1071955","4440726"
Tayikistán,"TJK","Población, total","SP.POP.TOTL","2087038","8921343"
Turkmenistán,"TKM","Esperanza de vida al nacer, mujeres (años)","SP.DYN.LE00.FE.IN","58.126","71.449"
Turkmenistán,"TKM","Esperanza de vida al nacer, total (años)","SP.DYN.LE00.IN","54.471","67.956"
Turkmenistán,"TKM","Esperanza de vida al nacer, varones (años)","SP.DYN.LE00.MA.IN","50.966","64.504"
Turkmenistán,"TKM","PIB (US$ a precios actuales)","NY.GDP.MKTP.CD","NA","37926285714.2857"
Turkmenistán,"TKM","Población, hombres","SP.POP.TOTL.MA.IN","781756","2835287"
Turkmenistán,"TKM","Población, mujeres","SP.POP.TOTL.FE.IN","821502","2922788"
Turkmenistán,"TKM","Población, total","SP.POP.TOTL","1603258","5758075"
Turquía,"TUR","Esperanza de vida al nacer, mujeres (años)","SP.DYN.LE00.FE.IN","48.433","79.22"
Turquía,"TUR","Esperanza de vida al nacer, total (años)","SP.DYN.LE00.IN","45.369","76.009"
Turquía,"TUR","Esperanza de vida al nacer, varones (años)","SP.DYN.LE00.MA.IN","42.481","72.76"
Turquía,"TUR","PIB (US$ a precios actuales)","NY.GDP.MKTP.CD","13995067817.5092","851549299635.427"
Turquía,"TUR","Población, hombres","SP.POP.TOTL.MA.IN","13692633","39767135"
Turquía,"TUR","Población, mujeres","SP.POP.TOTL.FE.IN","13779698","40977885"
Turquía,"TUR","Población, total","SP.POP.TOTL","27472331","80745020"
Ucrania,"UKR","Esperanza de vida al nacer, mujeres (años)","SP.DYN.LE00.FE.IN","71.091","76.78"
Ucrania,"UKR","Esperanza de vida al nacer, total (años)","SP.DYN.LE00.IN","68.2995365853659","71.7809756097561"
Ucrania,"UKR","Esperanza de vida al nacer, varones (años)","SP.DYN.LE00.MA.IN","65.641","67.02"
Ucrania,"UKR","PIB (US$ a precios actuales)","NY.GDP.MKTP.CD","NA","112154185121.406"
Ucrania,"UKR","Población, hombres","SP.POP.TOTL.MA.IN","19031945","20726746"
Ucrania,"UKR","Población, mujeres","SP.POP.TOTL.FE.IN","23630204","24104389"
Ucrania,"UKR","Población, total","SP.POP.TOTL","42662149","44831135"
Uzbekistán,"UZB","Esperanza de vida al nacer, mujeres (años)","SP.DYN.LE00.FE.IN","62.451","74.23"
Uzbekistán,"UZB","Esperanza de vida al nacer, total (años)","SP.DYN.LE00.IN","58.835","71.42"
Uzbekistán,"UZB","Esperanza de vida al nacer, varones (años)","SP.DYN.LE00.MA.IN","55.116","68.648"
Uzbekistán,"UZB","PIB (US$ a precios actuales)","NY.GDP.MKTP.CD","NA","49677172714.26"
Uzbekistán,"UZB","Población, hombres","SP.POP.TOTL.MA.IN","4105909","16144750"
Uzbekistán,"UZB","Población, mujeres","SP.POP.TOTL.FE.IN","4443584","16242450"
Uzbekistán,"UZB","Población, total","SP.POP.TOTL","8549493","32387200"
,"","","","",""
,"","","","",""
,"","","","",""
Data from Database: Indicadores del desarrollo mundial,"","","","",""
Last Updated: 04/24/2019,"","","","",""
