﻿país Name,"país Code","serie Name","serie Code","1960 [YR1960]","2017 [YR2017]"
Angola,"AGO","Esperanza de vida al nacer, mujeres (años)","SP.DYN.LE00.FE.IN","34.737","64.682"
Angola,"AGO","Esperanza de vida al nacer, total (años)","SP.DYN.LE00.IN","33.251","61.809"
Angola,"AGO","Esperanza de vida al nacer, varones (años)","SP.DYN.LE00.MA.IN","31.787","58.972"
Angola,"AGO","PIB (US$ a precios actuales)","NY.GDP.MKTP.CD","NA","122123822333.73"
Angola,"AGO","Población, hombres","SP.POP.TOTL.MA.IN","2742585","14605264"
Angola,"AGO","Población, mujeres","SP.POP.TOTL.FE.IN","2900597","15178929"
Angola,"AGO","Población, total","SP.POP.TOTL","5643182","29784193"
Benin,"BEN","Esperanza de vida al nacer, mujeres (años)","SP.DYN.LE00.FE.IN","37.773","62.683"
Benin,"BEN","Esperanza de vida al nacer, total (años)","SP.DYN.LE00.IN","37.271","61.171"
Benin,"BEN","Esperanza de vida al nacer, varones (años)","SP.DYN.LE00.MA.IN","36.823","59.629"
Benin,"BEN","PIB (US$ a precios actuales)","NY.GDP.MKTP.CD","226195579.35701","9246696923.66155"
Benin,"BEN","Población, hombres","SP.POP.TOTL.MA.IN","1156653","5574556"
Benin,"BEN","Población, mujeres","SP.POP.TOTL.FE.IN","1274969","5601136"
Benin,"BEN","Población, total","SP.POP.TOTL","2431622","11175692"
Botswana,"BWA","Esperanza de vida al nacer, mujeres (años)","SP.DYN.LE00.FE.IN","52.428","70.191"
Botswana,"BWA","Esperanza de vida al nacer, total (años)","SP.DYN.LE00.IN","50.661","67.618"
Botswana,"BWA","Esperanza de vida al nacer, varones (años)","SP.DYN.LE00.MA.IN","48.757","64.939"
Botswana,"BWA","PIB (US$ a precios actuales)","NY.GDP.MKTP.CD","30412308.9864012","17406565823.2986"
Botswana,"BWA","Población, hombres","SP.POP.TOTL.MA.IN","250066","1132764"
Botswana,"BWA","Población, mujeres","SP.POP.TOTL.FE.IN","274486","1158897"
Botswana,"BWA","Población, total","SP.POP.TOTL","524552","2291661"
Burkina Faso,"BFA","Esperanza de vida al nacer, mujeres (años)","SP.DYN.LE00.FE.IN","35.553","61.431"
Burkina Faso,"BFA","Esperanza de vida al nacer, total (años)","SP.DYN.LE00.IN","34.432","60.77"
Burkina Faso,"BFA","Esperanza de vida al nacer, varones (años)","SP.DYN.LE00.MA.IN","33.454","59.98"
Burkina Faso,"BFA","PIB (US$ a precios actuales)","NY.GDP.MKTP.CD","330442817.168859","12322864244.9183"
Burkina Faso,"BFA","Población, hombres","SP.POP.TOTL.MA.IN","2457982","9571934"
Burkina Faso,"BFA","Población, mujeres","SP.POP.TOTL.FE.IN","2371306","9621448"
Burkina Faso,"BFA","Población, total","SP.POP.TOTL","4829288","19193382"
Burundi,"BDI","Esperanza de vida al nacer, mujeres (años)","SP.DYN.LE00.FE.IN","42.851","59.879"
Burundi,"BDI","Esperanza de vida al nacer, total (años)","SP.DYN.LE00.IN","41.281","57.857"
Burundi,"BDI","Esperanza de vida al nacer, varones (años)","SP.DYN.LE00.MA.IN","39.698","55.883"
Burundi,"BDI","PIB (US$ a precios actuales)","NY.GDP.MKTP.CD","195999990","3172416146.3921"
Burundi,"BDI","Población, hombres","SP.POP.TOTL.MA.IN","1344888","5346539"
Burundi,"BDI","Población, mujeres","SP.POP.TOTL.FE.IN","1441218","5517706"
Burundi,"BDI","Población, total","SP.POP.TOTL","2786106","10864245"
Cabo Verde,"CPV","Esperanza de vida al nacer, mujeres (años)","SP.DYN.LE00.FE.IN","50.078","74.914"
Cabo Verde,"CPV","Esperanza de vida al nacer, total (años)","SP.DYN.LE00.IN","48.928","73.004"
Cabo Verde,"CPV","Esperanza de vida al nacer, varones (años)","SP.DYN.LE00.MA.IN","47.693","70.86"
Cabo Verde,"CPV","PIB (US$ a precios actuales)","NY.GDP.MKTP.CD","NA","1772706451.18085"
Cabo Verde,"CPV","Población, hombres","SP.POP.TOTL.MA.IN","94953","272266"
Cabo Verde,"CPV","Población, mujeres","SP.POP.TOTL.FE.IN","107357","274122"
Cabo Verde,"CPV","Población, total","SP.POP.TOTL","202310","546388"
Camerún,"CMR","Esperanza de vida al nacer, mujeres (años)","SP.DYN.LE00.FE.IN","42.878","59.706"
Camerún,"CMR","Esperanza de vida al nacer, total (años)","SP.DYN.LE00.IN","41.546","58.575"
Camerún,"CMR","Esperanza de vida al nacer, varones (años)","SP.DYN.LE00.MA.IN","40.234","57.45"
Camerún,"CMR","PIB (US$ a precios actuales)","NY.GDP.MKTP.CD","618740988.011405","34922782310.6416"
Camerún,"CMR","Población, hombres","SP.POP.TOTL.MA.IN","2544372","12038247"
Camerún,"CMR","Población, mujeres","SP.POP.TOTL.FE.IN","2631896","12015480"
Camerún,"CMR","Población, total","SP.POP.TOTL","5176268","24053727"
Chad,"TCD","Esperanza de vida al nacer, mujeres (años)","SP.DYN.LE00.FE.IN","40.163","54.455"
Chad,"TCD","Esperanza de vida al nacer, total (años)","SP.DYN.LE00.IN","38.019","53.208"
Chad,"TCD","Esperanza de vida al nacer, varones (años)","SP.DYN.LE00.MA.IN","35.956","51.981"
Chad,"TCD","PIB (US$ a precios actuales)","NY.GDP.MKTP.CD","313582727.638056","9871247731.89787"
Chad,"TCD","Población, hombres","SP.POP.TOTL.MA.IN","1466806","7458379"
Chad,"TCD","Población, mujeres","SP.POP.TOTL.FE.IN","1534787","7441615"
Chad,"TCD","Población, total","SP.POP.TOTL","3001593","14899994"
Comoras,"COM","Esperanza de vida al nacer, mujeres (años)","SP.DYN.LE00.FE.IN","42.999","65.675"
Comoras,"COM","Esperanza de vida al nacer, total (años)","SP.DYN.LE00.IN","41.447","63.912"
Comoras,"COM","Esperanza de vida al nacer, varones (años)","SP.DYN.LE00.MA.IN","39.96","62.21"
Comoras,"COM","PIB (US$ a precios actuales)","NY.GDP.MKTP.CD","NA","1068124329.86257"
Comoras,"COM","Población, hombres","SP.POP.TOTL.MA.IN","95076","410534"
Comoras,"COM","Población, mujeres","SP.POP.TOTL.FE.IN","96045","403378"
Comoras,"COM","Población, total","SP.POP.TOTL","191121","813912"
"Congo, República del","COG","Esperanza de vida al nacer, mujeres (años)","SP.DYN.LE00.FE.IN","49.857","66.748"
"Congo, República del","COG","Esperanza de vida al nacer, total (años)","SP.DYN.LE00.IN","48.602","65.088"
"Congo, República del","COG","Esperanza de vida al nacer, varones (años)","SP.DYN.LE00.MA.IN","47.366","63.466"
"Congo, República del","COG","PIB (US$ a precios actuales)","NY.GDP.MKTP.CD","131731862.568975","8701334800.21976"
"Congo, República del","COG","Población, hombres","SP.POP.TOTL.MA.IN","514635","2631574"
"Congo, República del","COG","Población, mujeres","SP.POP.TOTL.FE.IN","522585","2629176"
"Congo, República del","COG","Población, total","SP.POP.TOTL","1037220","5260750"
"Congo, República Democrática del","COD","Esperanza de vida al nacer, mujeres (años)","SP.DYN.LE00.FE.IN","42.465","61.543"
"Congo, República Democrática del","COD","Esperanza de vida al nacer, total (años)","SP.DYN.LE00.IN","41.098","60.031"
"Congo, República Democrática del","COD","Esperanza de vida al nacer, varones (años)","SP.DYN.LE00.MA.IN","39.64","58.532"
"Congo, República Democrática del","COD","PIB (US$ a precios actuales)","NY.GDP.MKTP.CD","3359404117.64706","37642482562.3205"
"Congo, República Democrática del","COD","Población, hombres","SP.POP.TOTL.MA.IN","7283487","40581481"
"Congo, República Democrática del","COD","Población, mujeres","SP.POP.TOTL.FE.IN","7964764","40758507"
"Congo, República Democrática del","COD","Población, total","SP.POP.TOTL","15248251","81339988"
Côte d'Ivoire,"CIV","Esperanza de vida al nacer, mujeres (años)","SP.DYN.LE00.FE.IN","37.884","55.662"
Côte d'Ivoire,"CIV","Esperanza de vida al nacer, total (años)","SP.DYN.LE00.IN","36.865","54.102"
Côte d'Ivoire,"CIV","Esperanza de vida al nacer, varones (años)","SP.DYN.LE00.MA.IN","35.909","52.66"
Côte d'Ivoire,"CIV","PIB (US$ a precios actuales)","NY.GDP.MKTP.CD","546203561.571989","37353276059.2518"
Côte d'Ivoire,"CIV","Población, hombres","SP.POP.TOTL.MA.IN","1817335","12307092"
Côte d'Ivoire,"CIV","Población, mujeres","SP.POP.TOTL.FE.IN","1741653","11987658"
Côte d'Ivoire,"CIV","Población, total","SP.POP.TOTL","3558988","24294750"
Eritrea,"ERI","Esperanza de vida al nacer, mujeres (años)","SP.DYN.LE00.FE.IN","39.907","67.749"
Eritrea,"ERI","Esperanza de vida al nacer, total (años)","SP.DYN.LE00.IN","38.418","65.536"
Eritrea,"ERI","Esperanza de vida al nacer, varones (años)","SP.DYN.LE00.MA.IN","36.973","63.398"
Eritrea,"ERI","PIB (US$ a precios actuales)","NY.GDP.MKTP.CD","NA","NA"
Eritrea,"ERI","Población, hombres","SP.POP.TOTL.MA.IN","694449","NA"
Eritrea,"ERI","Población, mujeres","SP.POP.TOTL.FE.IN","703042","NA"
Eritrea,"ERI","Población, total","SP.POP.TOTL","1397491","NA"
Eswatini,"SWZ","Esperanza de vida al nacer, mujeres (años)","SP.DYN.LE00.FE.IN","46.243","61.34"
Eswatini,"SWZ","Esperanza de vida al nacer, total (años)","SP.DYN.LE00.IN","44.285","58.268"
Eswatini,"SWZ","Esperanza de vida al nacer, varones (años)","SP.DYN.LE00.MA.IN","42.33","54.932"
Eswatini,"SWZ","PIB (US$ a precios actuales)","NY.GDP.MKTP.CD","35076158.4768305","4433664364.24725"
Eswatini,"SWZ","Población, hombres","SP.POP.TOTL.MA.IN","169028","662136"
Eswatini,"SWZ","Población, mujeres","SP.POP.TOTL.FE.IN","180146","705118"
Eswatini,"SWZ","Población, total","SP.POP.TOTL","349174","1367254"
Etiopía,"ETH","Esperanza de vida al nacer, mujeres (años)","SP.DYN.LE00.FE.IN","39.909","67.784"
Etiopía,"ETH","Esperanza de vida al nacer, total (años)","SP.DYN.LE00.IN","38.419","65.874"
Etiopía,"ETH","Esperanza de vida al nacer, varones (años)","SP.DYN.LE00.MA.IN","36.974","63.997"
Etiopía,"ETH","PIB (US$ a precios actuales)","NY.GDP.MKTP.CD","NA","80561496133.9172"
Etiopía,"ETH","Población, hombres","SP.POP.TOTL.MA.IN","11010787","52406026"
Etiopía,"ETH","Población, mujeres","SP.POP.TOTL.FE.IN","11140491","52551412"
Etiopía,"ETH","Población, total","SP.POP.TOTL","22151278","104957438"
Gabón,"GAB","Esperanza de vida al nacer, mujeres (años)","SP.DYN.LE00.FE.IN","41.182","68.173"
Gabón,"GAB","Esperanza de vida al nacer, total (años)","SP.DYN.LE00.IN","39.587","66.48"
Gabón,"GAB","Esperanza de vida al nacer, varones (años)","SP.DYN.LE00.MA.IN","38.035","64.888"
Gabón,"GAB","PIB (US$ a precios actuales)","NY.GDP.MKTP.CD","141468977.570007","15013950984.084"
Gabón,"GAB","Población, hombres","SP.POP.TOTL.MA.IN","243638","1040227"
Gabón,"GAB","Población, mujeres","SP.POP.TOTL.FE.IN","255546","984910"
Gabón,"GAB","Población, total","SP.POP.TOTL","499184","2025137"
Gambia,"GMB","Esperanza de vida al nacer, mujeres (años)","SP.DYN.LE00.FE.IN","33.293","62.831"
Gambia,"GMB","Esperanza de vida al nacer, total (años)","SP.DYN.LE00.IN","32.035","61.424"
Gambia,"GMB","Esperanza de vida al nacer, varones (años)","SP.DYN.LE00.MA.IN","30.851","60.078"
Gambia,"GMB","PIB (US$ a precios actuales)","NY.GDP.MKTP.CD","NA","1489464787.57415"
Gambia,"GMB","Población, hombres","SP.POP.TOTL.MA.IN","180989","1039738"
Gambia,"GMB","Población, mujeres","SP.POP.TOTL.FE.IN","186939","1060830"
Gambia,"GMB","Población, total","SP.POP.TOTL","367928","2100568"
Ghana,"GHA","Esperanza de vida al nacer, mujeres (años)","SP.DYN.LE00.FE.IN","46.148","64.058"
Ghana,"GHA","Esperanza de vida al nacer, total (años)","SP.DYN.LE00.IN","45.844","63.033"
Ghana,"GHA","Esperanza de vida al nacer, varones (años)","SP.DYN.LE00.MA.IN","45.53","61.976"
Ghana,"GHA","PIB (US$ a precios actuales)","NY.GDP.MKTP.CD","1217230038.26781","58996776237.7603"
Ghana,"GHA","Población, hombres","SP.POP.TOTL.MA.IN","3380188","14367705"
Ghana,"GHA","Población, mujeres","SP.POP.TOTL.FE.IN","3272099","14465924"
Ghana,"GHA","Población, total","SP.POP.TOTL","6652287","28833629"
Guinea,"GIN","Esperanza de vida al nacer, mujeres (años)","SP.DYN.LE00.FE.IN","36.067","61.166"
Guinea,"GIN","Esperanza de vida al nacer, total (años)","SP.DYN.LE00.IN","34.89","60.617"
Guinea,"GIN","Esperanza de vida al nacer, varones (años)","SP.DYN.LE00.MA.IN","33.762","60.054"
Guinea,"GIN","PIB (US$ a precios actuales)","NY.GDP.MKTP.CD","NA","10472514514.62"
Guinea,"GIN","Población, hombres","SP.POP.TOTL.MA.IN","1769873","6376332"
Guinea,"GIN","Población, mujeres","SP.POP.TOTL.FE.IN","1807536","6340844"
Guinea,"GIN","Población, total","SP.POP.TOTL","3577409","12717176"
Guinea Ecuatorial,"GNQ","Esperanza de vida al nacer, mujeres (años)","SP.DYN.LE00.FE.IN","38.285","59.39"
Guinea Ecuatorial,"GNQ","Esperanza de vida al nacer, total (años)","SP.DYN.LE00.IN","36.74","57.939"
Guinea Ecuatorial,"GNQ","Esperanza de vida al nacer, varones (años)","SP.DYN.LE00.MA.IN","35.255","56.684"
Guinea Ecuatorial,"GNQ","PIB (US$ a precios actuales)","NY.GDP.MKTP.CD","NA","12293579173.2134"
Guinea Ecuatorial,"GNQ","Población, hombres","SP.POP.TOTL.MA.IN","125079","701755"
Guinea Ecuatorial,"GNQ","Población, mujeres","SP.POP.TOTL.FE.IN","130244","565934"
Guinea Ecuatorial,"GNQ","Población, total","SP.POP.TOTL","255323","1267689"
Guinea-Bissau,"GNB","Esperanza de vida al nacer, mujeres (años)","SP.DYN.LE00.FE.IN","39.418","59.548"
Guinea-Bissau,"GNB","Esperanza de vida al nacer, total (años)","SP.DYN.LE00.IN","37.854","57.805"
Guinea-Bissau,"GNB","Esperanza de vida al nacer, varones (años)","SP.DYN.LE00.MA.IN","36.338","56.048"
Guinea-Bissau,"GNB","PIB (US$ a precios actuales)","NY.GDP.MKTP.CD","NA","1346841897.00437"
Guinea-Bissau,"GNB","Población, hombres","SP.POP.TOTL.MA.IN","304212","915800"
Guinea-Bissau,"GNB","Población, mujeres","SP.POP.TOTL.FE.IN","312197","945483"
Guinea-Bissau,"GNB","Población, total","SP.POP.TOTL","616409","1861283"
Kenya,"KEN","Esperanza de vida al nacer, mujeres (años)","SP.DYN.LE00.FE.IN","48.34","69.669"
Kenya,"KEN","Esperanza de vida al nacer, total (años)","SP.DYN.LE00.IN","46.348","67.291"
Kenya,"KEN","Esperanza de vida al nacer, varones (años)","SP.DYN.LE00.MA.IN","44.479","64.924"
Kenya,"KEN","PIB (US$ a precios actuales)","NY.GDP.MKTP.CD","791265458.818076","79263075749.2682"
Kenya,"KEN","Población, hombres","SP.POP.TOTL.MA.IN","4065070","24700721"
Kenya,"KEN","Población, mujeres","SP.POP.TOTL.FE.IN","4040370","24999141"
Kenya,"KEN","Población, total","SP.POP.TOTL","8105440","49699862"
Lesotho,"LSO","Esperanza de vida al nacer, mujeres (años)","SP.DYN.LE00.FE.IN","48.225","56.698"
Lesotho,"LSO","Esperanza de vida al nacer, total (años)","SP.DYN.LE00.IN","46.602","54.568"
Lesotho,"LSO","Esperanza de vida al nacer, varones (años)","SP.DYN.LE00.MA.IN","44.859","52.197"
Lesotho,"LSO","PIB (US$ a precios actuales)","NY.GDP.MKTP.CD","34579308.4138317","2578265358.30386"
Lesotho,"LSO","Población, hombres","SP.POP.TOTL.MA.IN","396265","1084320"
Lesotho,"LSO","Población, mujeres","SP.POP.TOTL.FE.IN","455326","1149019"
Lesotho,"LSO","Población, total","SP.POP.TOTL","851591","2233339"
Liberia,"LBR","Esperanza de vida al nacer, mujeres (años)","SP.DYN.LE00.FE.IN","37.254","64.009"
Liberia,"LBR","Esperanza de vida al nacer, total (años)","SP.DYN.LE00.IN","34.671","63.006"
Liberia,"LBR","Esperanza de vida al nacer, varones (años)","SP.DYN.LE00.MA.IN","32.43","61.999"
Liberia,"LBR","PIB (US$ a precios actuales)","NY.GDP.MKTP.CD","NA","3285455000"
Liberia,"LBR","Población, hombres","SP.POP.TOTL.MA.IN","568114","2387359"
Liberia,"LBR","Población, mujeres","SP.POP.TOTL.FE.IN","552199","2344547"
Liberia,"LBR","Población, total","SP.POP.TOTL","1120313","4731906"
Madagascar,"MDG","Esperanza de vida al nacer, mujeres (años)","SP.DYN.LE00.FE.IN","40.954","67.91"
Madagascar,"MDG","Esperanza de vida al nacer, total (años)","SP.DYN.LE00.IN","39.962","66.312"
Madagascar,"MDG","Esperanza de vida al nacer, varones (años)","SP.DYN.LE00.MA.IN","39.042","64.73"
Madagascar,"MDG","PIB (US$ a precios actuales)","NY.GDP.MKTP.CD","673081724.076322","11499803806.5729"
Madagascar,"MDG","Población, hombres","SP.POP.TOTL.MA.IN","2592807","12752053"
Madagascar,"MDG","Población, mujeres","SP.POP.TOTL.FE.IN","2506566","12818842"
Madagascar,"MDG","Población, total","SP.POP.TOTL","5099373","25570895"
Malawi,"MWI","Esperanza de vida al nacer, mujeres (años)","SP.DYN.LE00.FE.IN","38.335","66.21"
Malawi,"MWI","Esperanza de vida al nacer, total (años)","SP.DYN.LE00.IN","37.805","63.671"
Malawi,"MWI","Esperanza de vida al nacer, varones (años)","SP.DYN.LE00.MA.IN","37.239","61.018"
Malawi,"MWI","PIB (US$ a precios actuales)","NY.GDP.MKTP.CD","162956740.865183","6303292264.18905"
Malawi,"MWI","Población, hombres","SP.POP.TOTL.MA.IN","1751841","9225153"
Malawi,"MWI","Población, mujeres","SP.POP.TOTL.FE.IN","1866754","9396951"
Malawi,"MWI","Población, total","SP.POP.TOTL","3618595","18622104"
Malí,"MLI","Esperanza de vida al nacer, mujeres (años)","SP.DYN.LE00.FE.IN","29.026","59.189"
Malí,"MLI","Esperanza de vida al nacer, total (años)","SP.DYN.LE00.IN","28.199","58.456"
Malí,"MLI","Esperanza de vida al nacer, varones (años)","SP.DYN.LE00.MA.IN","27.436","57.714"
Malí,"MLI","PIB (US$ a precios actuales)","NY.GDP.MKTP.CD","NA","15334336143.644"
Malí,"MLI","Población, hombres","SP.POP.TOTL.MA.IN","2660862","9279064"
Malí,"MLI","Población, mujeres","SP.POP.TOTL.FE.IN","2602871","9262916"
Malí,"MLI","Población, total","SP.POP.TOTL","5263733","18541980"
Mauricio,"MUS","Esperanza de vida al nacer, mujeres (años)","SP.DYN.LE00.FE.IN","60.626","77.89"
Mauricio,"MUS","Esperanza de vida al nacer, total (años)","SP.DYN.LE00.IN","58.7452195121951","74.5146341463415"
Mauricio,"MUS","Esperanza de vida al nacer, varones (años)","SP.DYN.LE00.MA.IN","56.954","71.3"
Mauricio,"MUS","PIB (US$ a precios actuales)","NY.GDP.MKTP.CD","NA","13266427697.2513"
Mauricio,"MUS","Población, hombres","SP.POP.TOTL.MA.IN","328768","625519"
Mauricio,"MUS","Población, mujeres","SP.POP.TOTL.FE.IN","330583","639094"
Mauricio,"MUS","Población, total","SP.POP.TOTL","659351","1264613"
Mauritania,"MRT","Esperanza de vida al nacer, mujeres (años)","SP.DYN.LE00.FE.IN","43.92","64.918"
Mauritania,"MRT","Esperanza de vida al nacer, total (años)","SP.DYN.LE00.IN","43.488","63.384"
Mauritania,"MRT","Esperanza de vida al nacer, varones (años)","SP.DYN.LE00.MA.IN","43.067","61.861"
Mauritania,"MRT","PIB (US$ a precios actuales)","NY.GDP.MKTP.CD","92609222.6912849","5024708655.99147"
Mauritania,"MRT","Población, hombres","SP.POP.TOTL.MA.IN","425066","2227764"
Mauritania,"MRT","Población, mujeres","SP.POP.TOTL.FE.IN","433102","2192420"
Mauritania,"MRT","Población, total","SP.POP.TOTL","858168","4420184"
Mozambique,"MOZ","Esperanza de vida al nacer, mujeres (años)","SP.DYN.LE00.FE.IN","36.381","60.966"
Mozambique,"MOZ","Esperanza de vida al nacer, total (años)","SP.DYN.LE00.IN","35.026","58.872"
Mozambique,"MOZ","Esperanza de vida al nacer, varones (años)","SP.DYN.LE00.MA.IN","33.692","56.671"
Mozambique,"MOZ","PIB (US$ a precios actuales)","NY.GDP.MKTP.CD","NA","12645508633.7664"
Mozambique,"MOZ","Población, hombres","SP.POP.TOTL.MA.IN","3610372","14490334"
Mozambique,"MOZ","Población, mujeres","SP.POP.TOTL.FE.IN","3778323","15178500"
Mozambique,"MOZ","Población, total","SP.POP.TOTL","7388695","29668834"
Namibia,"NAM","Esperanza de vida al nacer, mujeres (años)","SP.DYN.LE00.FE.IN","49.111","67.724"
Namibia,"NAM","Esperanza de vida al nacer, total (años)","SP.DYN.LE00.IN","46.91","64.85"
Namibia,"NAM","Esperanza de vida al nacer, varones (años)","SP.DYN.LE00.MA.IN","44.758","61.821"
Namibia,"NAM","PIB (US$ a precios actuales)","NY.GDP.MKTP.CD","NA","13253698014.7075"
Namibia,"NAM","Población, hombres","SP.POP.TOTL.MA.IN","297457","1232670"
Namibia,"NAM","Población, mujeres","SP.POP.TOTL.FE.IN","305087","1301124"
Namibia,"NAM","Población, total","SP.POP.TOTL","602544","2533794"
Níger,"NER","Esperanza de vida al nacer, mujeres (años)","SP.DYN.LE00.FE.IN","35.471","61.496"
Níger,"NER","Esperanza de vida al nacer, total (años)","SP.DYN.LE00.IN","35.045","60.422"
Níger,"NER","Esperanza de vida al nacer, varones (años)","SP.DYN.LE00.MA.IN","34.547","59.435"
Níger,"NER","PIB (US$ a precios actuales)","NY.GDP.MKTP.CD","449526872.565561","8119710126.3489"
Níger,"NER","Población, hombres","SP.POP.TOTL.MA.IN","1596477","10769779"
Níger,"NER","Población, mujeres","SP.POP.TOTL.FE.IN","1792287","10707569"
Níger,"NER","Población, total","SP.POP.TOTL","3388764","21477348"
Nigeria,"NGA","Esperanza de vida al nacer, mujeres (años)","SP.DYN.LE00.FE.IN","38.445","54.69"
Nigeria,"NGA","Esperanza de vida al nacer, total (años)","SP.DYN.LE00.IN","36.975","53.875"
Nigeria,"NGA","Esperanza de vida al nacer, varones (años)","SP.DYN.LE00.MA.IN","35.575","53.087"
Nigeria,"NGA","PIB (US$ a precios actuales)","NY.GDP.MKTP.CD","4196092258.15484","375745486520.656"
Nigeria,"NGA","Población, hombres","SP.POP.TOTL.MA.IN","22530196","96729234"
Nigeria,"NGA","Población, mujeres","SP.POP.TOTL.FE.IN","22607616","94157077"
Nigeria,"NGA","Población, total","SP.POP.TOTL","45137812","190886311"
República Centroafricana,"CAF","Esperanza de vida al nacer, mujeres (años)","SP.DYN.LE00.FE.IN","38.094","54.83"
República Centroafricana,"CAF","Esperanza de vida al nacer, total (años)","SP.DYN.LE00.IN","36.489","52.89"
República Centroafricana,"CAF","Esperanza de vida al nacer, varones (años)","SP.DYN.LE00.MA.IN","34.948","50.974"
República Centroafricana,"CAF","PIB (US$ a precios actuales)","NY.GDP.MKTP.CD","112155598.949571","1949411659.20453"
República Centroafricana,"CAF","Población, hombres","SP.POP.TOTL.MA.IN","739365","2298019"
República Centroafricana,"CAF","Población, mujeres","SP.POP.TOTL.FE.IN","764143","2361061"
República Centroafricana,"CAF","Población, total","SP.POP.TOTL","1503508","4659080"
Rwanda,"RWA","Esperanza de vida al nacer, mujeres (años)","SP.DYN.LE00.FE.IN","43.875","69.629"
Rwanda,"RWA","Esperanza de vida al nacer, total (años)","SP.DYN.LE00.IN","42.292","67.496"
Rwanda,"RWA","Esperanza de vida al nacer, varones (años)","SP.DYN.LE00.MA.IN","40.701","65.32"
Rwanda,"RWA","PIB (US$ a precios actuales)","NY.GDP.MKTP.CD","119000024","9135454442.14013"
Rwanda,"RWA","Población, hombres","SP.POP.TOTL.MA.IN","1439609","5986523"
Rwanda,"RWA","Población, mujeres","SP.POP.TOTL.FE.IN","1493819","6221884"
Rwanda,"RWA","Población, total","SP.POP.TOTL","2933428","12208407"
Santo Tomé y Príncipe,"STP","Esperanza de vida al nacer, mujeres (años)","SP.DYN.LE00.FE.IN","51.969","68.905"
Santo Tomé y Príncipe,"STP","Esperanza de vida al nacer, total (años)","SP.DYN.LE00.IN","50.364","66.762"
Santo Tomé y Príncipe,"STP","Esperanza de vida al nacer, varones (años)","SP.DYN.LE00.MA.IN","49.006","64.578"
Santo Tomé y Príncipe,"STP","PIB (US$ a precios actuales)","NY.GDP.MKTP.CD","NA","392570292.501299"
Santo Tomé y Príncipe,"STP","Población, hombres","SP.POP.TOTL.MA.IN","35747","101751"
Santo Tomé y Príncipe,"STP","Población, mujeres","SP.POP.TOTL.FE.IN","28506","102576"
Santo Tomé y Príncipe,"STP","Población, total","SP.POP.TOTL","64253","204327"
Senegal,"SEN","Esperanza de vida al nacer, mujeres (años)","SP.DYN.LE00.FE.IN","38.983","69.4"
Senegal,"SEN","Esperanza de vida al nacer, total (años)","SP.DYN.LE00.IN","38.223","67.477"
Senegal,"SEN","Esperanza de vida al nacer, varones (años)","SP.DYN.LE00.MA.IN","37.466","65.394"
Senegal,"SEN","PIB (US$ a precios actuales)","NY.GDP.MKTP.CD","1003692374.55789","21070225734.7861"
Senegal,"SEN","Población, hombres","SP.POP.TOTL.MA.IN","1593240","7787318"
Senegal,"SEN","Población, mujeres","SP.POP.TOTL.FE.IN","1613509","8063249"
Senegal,"SEN","Población, total","SP.POP.TOTL","3206749","15850567"
Seychelles,"SYC","Esperanza de vida al nacer, mujeres (años)","SP.DYN.LE00.FE.IN","NA","78.5"
Seychelles,"SYC","Esperanza de vida al nacer, total (años)","SP.DYN.LE00.IN","NA","74.3"
Seychelles,"SYC","Esperanza de vida al nacer, varones (años)","SP.DYN.LE00.MA.IN","NA","70.3"
Seychelles,"SYC","PIB (US$ a precios actuales)","NY.GDP.MKTP.CD","12012025.2477875","1497959568.97249"
Seychelles,"SYC","Población, hombres","SP.POP.TOTL.MA.IN","20412","47230"
Seychelles,"SYC","Población, mujeres","SP.POP.TOTL.FE.IN","21288","48613"
Seychelles,"SYC","Población, total","SP.POP.TOTL","41700","95843"
Sierra Leona,"SLE","Esperanza de vida al nacer, mujeres (años)","SP.DYN.LE00.FE.IN","31.968","52.82"
Sierra Leona,"SLE","Esperanza de vida al nacer, total (años)","SP.DYN.LE00.IN","30.371","52.214"
Sierra Leona,"SLE","Esperanza de vida al nacer, varones (años)","SP.DYN.LE00.MA.IN","28.773","51.61"
Sierra Leona,"SLE","PIB (US$ a precios actuales)","NY.GDP.MKTP.CD","322009471.56704","3775047333.92116"
Sierra Leona,"SLE","Población, hombres","SP.POP.TOTL.MA.IN","1119748","3742545"
Sierra Leona,"SLE","Población, mujeres","SP.POP.TOTL.FE.IN","1177362","3814667"
Sierra Leona,"SLE","Población, total","SP.POP.TOTL","2297110","7557212"
Somalia,"SOM","Esperanza de vida al nacer, mujeres (años)","SP.DYN.LE00.FE.IN","38.525","58.427"
Somalia,"SOM","Esperanza de vida al nacer, total (años)","SP.DYN.LE00.IN","36.977","56.714"
Somalia,"SOM","Esperanza de vida al nacer, varones (años)","SP.DYN.LE00.MA.IN","35.481","55.073"
Somalia,"SOM","PIB (US$ a precios actuales)","NY.GDP.MKTP.CD","NA","7052000000"
Somalia,"SOM","Población, hombres","SP.POP.TOTL.MA.IN","1363645","7343690"
Somalia,"SOM","Población, mujeres","SP.POP.TOTL.FE.IN","1392302","7398833"
Somalia,"SOM","Población, total","SP.POP.TOTL","2755947","14742523"
Sudáfrica,"ZAF","Esperanza de vida al nacer, mujeres (años)","SP.DYN.LE00.FE.IN","54.463","66.98"
Sudáfrica,"ZAF","Esperanza de vida al nacer, total (años)","SP.DYN.LE00.IN","52.215","63.404"
Sudáfrica,"ZAF","Esperanza de vida al nacer, varones (años)","SP.DYN.LE00.MA.IN","50.096","59.865"
Sudáfrica,"ZAF","PIB (US$ a precios actuales)","NY.GDP.MKTP.CD","7575248495.0301","348871647959.64"
Sudáfrica,"ZAF","Población, hombres","SP.POP.TOTL.MA.IN","8727776","27835727"
Sudáfrica,"ZAF","Población, mujeres","SP.POP.TOTL.FE.IN","8729079","28881429"
Sudáfrica,"ZAF","Población, total","SP.POP.TOTL","17456855","56717156"
Sudán,"SDN","Esperanza de vida al nacer, mujeres (años)","SP.DYN.LE00.FE.IN","49.652","66.318"
Sudán,"SDN","Esperanza de vida al nacer, total (años)","SP.DYN.LE00.IN","48.194","64.698"
Sudán,"SDN","Esperanza de vida al nacer, varones (años)","SP.DYN.LE00.MA.IN","46.793","63.098"
Sudán,"SDN","PIB (US$ a precios actuales)","NY.GDP.MKTP.CD","1307333333.33333","117487857142.857"
Sudán,"SDN","Población, hombres","SP.POP.TOTL.MA.IN","3768217","20257033"
Sudán,"SDN","Población, mujeres","SP.POP.TOTL.FE.IN","3776274","20276297"
Sudán,"SDN","Población, total","SP.POP.TOTL","7544491","40533330"
Sudán del Sur,"SSD","Esperanza de vida al nacer, mujeres (años)","SP.DYN.LE00.FE.IN","33.142","58.34"
Sudán del Sur,"SSD","Esperanza de vida al nacer, total (años)","SP.DYN.LE00.IN","31.697","57.288"
Sudán del Sur,"SSD","Esperanza de vida al nacer, varones (años)","SP.DYN.LE00.MA.IN","30.371","56.253"
Sudán del Sur,"SSD","PIB (US$ a precios actuales)","NY.GDP.MKTP.CD","NA","NA"
Sudán del Sur,"SSD","Población, hombres","SP.POP.TOTL.MA.IN","1484329","6301018"
Sudán del Sur,"SSD","Población, mujeres","SP.POP.TOTL.FE.IN","1470823","6274696"
Sudán del Sur,"SSD","Población, total","SP.POP.TOTL","2955152","12575714"
Tanzanía,"TZA","Esperanza de vida al nacer, mujeres (años)","SP.DYN.LE00.FE.IN","45.381","68.051"
Tanzanía,"TZA","Esperanza de vida al nacer, total (años)","SP.DYN.LE00.IN","43.686","66.31"
Tanzanía,"TZA","Esperanza de vida al nacer, varones (años)","SP.DYN.LE00.MA.IN","42.009","64.551"
Tanzanía,"TZA","PIB (US$ a precios actuales)","NY.GDP.MKTP.CD","NA","53320625958.5655"
Tanzanía,"TZA","Población, hombres","SP.POP.TOTL.MA.IN","4935023","28341970"
Tanzanía,"TZA","Población, mujeres","SP.POP.TOTL.FE.IN","5139484","28968049"
Tanzanía,"TZA","Población, total","SP.POP.TOTL","10074507","57310019"
Togo,"TGO","Esperanza de vida al nacer, mujeres (años)","SP.DYN.LE00.FE.IN","41.225","61.313"
Togo,"TGO","Esperanza de vida al nacer, total (años)","SP.DYN.LE00.IN","40.297","60.477"
Togo,"TGO","Esperanza de vida al nacer, varones (años)","SP.DYN.LE00.MA.IN","39.366","59.631"
Togo,"TGO","PIB (US$ a precios actuales)","NY.GDP.MKTP.CD","121128073.114022","4757776485.12802"
Togo,"TGO","Población, hombres","SP.POP.TOTL.MA.IN","778785","3887056"
Togo,"TGO","Población, mujeres","SP.POP.TOTL.FE.IN","801728","3910638"
Togo,"TGO","Población, total","SP.POP.TOTL","1580513","7797694"
Uganda,"UGA","Esperanza de vida al nacer, mujeres (años)","SP.DYN.LE00.FE.IN","45.598","62.389"
Uganda,"UGA","Esperanza de vida al nacer, total (años)","SP.DYN.LE00.IN","43.991","60.182"
Uganda,"UGA","Esperanza de vida al nacer, varones (años)","SP.DYN.LE00.MA.IN","42.446","57.953"
Uganda,"UGA","PIB (US$ a precios actuales)","NY.GDP.MKTP.CD","423008385.744235","25995031850.1658"
Uganda,"UGA","Población, hombres","SP.POP.TOTL.MA.IN","3374296","21320842"
Uganda,"UGA","Población, mujeres","SP.POP.TOTL.FE.IN","3413918","21542116"
Uganda,"UGA","Población, total","SP.POP.TOTL","6788214","42862958"
Zambia,"ZMB","Esperanza de vida al nacer, mujeres (años)","SP.DYN.LE00.FE.IN","46.672","64.955"
Zambia,"ZMB","Esperanza de vida al nacer, total (años)","SP.DYN.LE00.IN","45.124","62.255"
Zambia,"ZMB","Esperanza de vida al nacer, varones (años)","SP.DYN.LE00.MA.IN","43.622","59.578"
Zambia,"ZMB","PIB (US$ a precios actuales)","NY.GDP.MKTP.CD","713000000","25868142073.452"
Zambia,"ZMB","Población, hombres","SP.POP.TOTL.MA.IN","1512393","8482226"
Zambia,"ZMB","Población, mujeres","SP.POP.TOTL.FE.IN","1532453","8611904"
Zambia,"ZMB","Población, total","SP.POP.TOTL","3044846","17094130"
Zimbabwe,"ZWE","Esperanza de vida al nacer, mujeres (años)","SP.DYN.LE00.FE.IN","53.181","63.509"
Zimbabwe,"ZWE","Esperanza de vida al nacer, total (años)","SP.DYN.LE00.IN","51.565","61.712"
Zimbabwe,"ZWE","Esperanza de vida al nacer, varones (años)","SP.DYN.LE00.MA.IN","49.981","59.762"
Zimbabwe,"ZWE","PIB (US$ a precios actuales)","NY.GDP.MKTP.CD","1052990400","22040902300"
Zimbabwe,"ZWE","Población, hombres","SP.POP.TOTL.MA.IN","1868340","8051042"
Zimbabwe,"ZWE","Población, mujeres","SP.POP.TOTL.FE.IN","1879029","8478862"
Zimbabwe,"ZWE","Población, total","SP.POP.TOTL","3747369","16529904"
,"","","","",""
,"","","","",""
,"","","","",""
Data from Database: Indicadores del desarrollo mundial,"","","","",""
Last Updated: 04/24/2019,"","","","",""
