﻿país Name,"país Code","serie Name","serie Code","1960 [YR1960]","2017 [YR2017]"
Arabia Saudita,"SAU","Esperanza de vida al nacer, mujeres (años)","SP.DYN.LE00.FE.IN","47.755","76.489"
Arabia Saudita,"SAU","Esperanza de vida al nacer, total (años)","SP.DYN.LE00.IN","45.638","74.72"
Arabia Saudita,"SAU","Esperanza de vida al nacer, varones (años)","SP.DYN.LE00.MA.IN","43.677","73.424"
Arabia Saudita,"SAU","PIB (US$ a precios actuales)","NY.GDP.MKTP.CD","NA","686738400000"
Arabia Saudita,"SAU","Población, hombres","SP.POP.TOTL.MA.IN","2052198","18797916"
Arabia Saudita,"SAU","Población, mujeres","SP.POP.TOTL.FE.IN","2034341","14140297"
Arabia Saudita,"SAU","Población, total","SP.POP.TOTL","4086539","32938213"
Argelia,"DZA","Esperanza de vida al nacer, mujeres (años)","SP.DYN.LE00.FE.IN","46.865","77.561"
Argelia,"DZA","Esperanza de vida al nacer, total (años)","SP.DYN.LE00.IN","46.138","76.293"
Argelia,"DZA","Esperanza de vida al nacer, varones (años)","SP.DYN.LE00.MA.IN","45.44","75.077"
Argelia,"DZA","PIB (US$ a precios actuales)","NY.GDP.MKTP.CD","2723648551.75208","167555280113.181"
Argelia,"DZA","Población, hombres","SP.POP.TOTL.MA.IN","5597837","20866388"
Argelia,"DZA","Población, mujeres","SP.POP.TOTL.FE.IN","5527051","20451754"
Argelia,"DZA","Población, total","SP.POP.TOTL","11124888","41318142"
Bahrein,"BHR","Esperanza de vida al nacer, mujeres (años)","SP.DYN.LE00.FE.IN","55.392","78.145"
Bahrein,"BHR","Esperanza de vida al nacer, total (años)","SP.DYN.LE00.IN","51.868","77.038"
Bahrein,"BHR","Esperanza de vida al nacer, varones (años)","SP.DYN.LE00.MA.IN","48.95","76.189"
Bahrein,"BHR","PIB (US$ a precios actuales)","NY.GDP.MKTP.CD","NA","35432686170.2128"
Bahrein,"BHR","Población, hombres","SP.POP.TOTL.MA.IN","86961","936284"
Bahrein,"BHR","Población, mujeres","SP.POP.TOTL.FE.IN","75466","556300"
Bahrein,"BHR","Población, total","SP.POP.TOTL","162427","1492584"
Djibouti,"DJI","Esperanza de vida al nacer, mujeres (años)","SP.DYN.LE00.FE.IN","45.375","64.36"
Djibouti,"DJI","Esperanza de vida al nacer, total (años)","SP.DYN.LE00.IN","44.038","62.643"
Djibouti,"DJI","Esperanza de vida al nacer, varones (años)","SP.DYN.LE00.MA.IN","42.732","60.994"
Djibouti,"DJI","PIB (US$ a precios actuales)","NY.GDP.MKTP.CD","NA","1844674434.50371"
Djibouti,"DJI","Población, hombres","SP.POP.TOTL.MA.IN","41574","480249"
Djibouti,"DJI","Población, mujeres","SP.POP.TOTL.FE.IN","42062","476736"
Djibouti,"DJI","Población, total","SP.POP.TOTL","83636","956985"
"Egipto, República Árabe de","EGY","Esperanza de vida al nacer, mujeres (años)","SP.DYN.LE00.FE.IN","49.265","73.969"
"Egipto, República Árabe de","EGY","Esperanza de vida al nacer, total (años)","SP.DYN.LE00.IN","48.056","71.661"
"Egipto, República Árabe de","EGY","Esperanza de vida al nacer, varones (años)","SP.DYN.LE00.MA.IN","46.822","69.453"
"Egipto, República Árabe de","EGY","PIB (US$ a precios actuales)","NY.GDP.MKTP.CD","NA","235369129337.711"
"Egipto, República Árabe de","EGY","Población, hombres","SP.POP.TOTL.MA.IN","13674538","49324992"
"Egipto, República Árabe de","EGY","Población, mujeres","SP.POP.TOTL.FE.IN","13321995","48228159"
"Egipto, República Árabe de","EGY","Población, total","SP.POP.TOTL","26996533","97553151"
Emiratos Árabes Unidos,"ARE","Esperanza de vida al nacer, mujeres (años)","SP.DYN.LE00.FE.IN","55.031","78.924"
Emiratos Árabes Unidos,"ARE","Esperanza de vida al nacer, total (años)","SP.DYN.LE00.IN","52.265","77.412"
Emiratos Árabes Unidos,"ARE","Esperanza de vida al nacer, varones (años)","SP.DYN.LE00.MA.IN","49.677","76.717"
Emiratos Árabes Unidos,"ARE","PIB (US$ a precios actuales)","NY.GDP.MKTP.CD","NA","382575085091.899"
Emiratos Árabes Unidos,"ARE","Población, hombres","SP.POP.TOTL.MA.IN","46355","6806044"
Emiratos Árabes Unidos,"ARE","Población, mujeres","SP.POP.TOTL.FE.IN","46279","2594101"
Emiratos Árabes Unidos,"ARE","Población, total","SP.POP.TOTL","92634","9400145"
"Irán, República Islámica del","IRN","Esperanza de vida al nacer, mujeres (años)","SP.DYN.LE00.FE.IN","44.147","77.334"
"Irán, República Islámica del","IRN","Esperanza de vida al nacer, total (años)","SP.DYN.LE00.IN","44.947","76.153"
"Irán, República Islámica del","IRN","Esperanza de vida al nacer, varones (años)","SP.DYN.LE00.MA.IN","45.706","75.061"
"Irán, República Islámica del","IRN","PIB (US$ a precios actuales)","NY.GDP.MKTP.CD","4199134390.12602","454012768723.589"
"Irán, República Islámica del","IRN","Población, hombres","SP.POP.TOTL.MA.IN","11242614","40816185"
"Irán, República Islámica del","IRN","Población, mujeres","SP.POP.TOTL.FE.IN","10664289","40346603"
"Irán, República Islámica del","IRN","Población, total","SP.POP.TOTL","21906903","81162788"
Iraq,"IRQ","Esperanza de vida al nacer, mujeres (años)","SP.DYN.LE00.FE.IN","47.561","72.319"
Iraq,"IRQ","Esperanza de vida al nacer, total (años)","SP.DYN.LE00.IN","48.022","70.038"
Iraq,"IRQ","Esperanza de vida al nacer, varones (años)","SP.DYN.LE00.MA.IN","48.478","67.787"
Iraq,"IRQ","PIB (US$ a precios actuales)","NY.GDP.MKTP.CD","1684121534.58415","192060810810.811"
Iraq,"IRQ","Población, hombres","SP.POP.TOTL.MA.IN","3666630","19375781"
Iraq,"IRQ","Población, mujeres","SP.POP.TOTL.FE.IN","3623131","18898837"
Iraq,"IRQ","Población, total","SP.POP.TOTL","7289761","38274618"
Israel,"ISR","Esperanza de vida al nacer, mujeres (años)","SP.DYN.LE00.FE.IN","NA","84.6"
Israel,"ISR","Esperanza de vida al nacer, total (años)","SP.DYN.LE00.IN","NA","82.6024390243903"
Israel,"ISR","Esperanza de vida al nacer, varones (años)","SP.DYN.LE00.MA.IN","NA","80.7"
Israel,"ISR","PIB (US$ a precios actuales)","NY.GDP.MKTP.CD","2598500000","353268411918.577"
Israel,"ISR","Población, hombres","SP.POP.TOTL.MA.IN","1071918","4327883"
Israel,"ISR","Población, mujeres","SP.POP.TOTL.FE.IN","1042102","4385417"
Israel,"ISR","Población, total","SP.POP.TOTL","2114020","8713300"
Jordania,"JOR","Esperanza de vida al nacer, mujeres (años)","SP.DYN.LE00.FE.IN","52.926","76.255"
Jordania,"JOR","Esperanza de vida al nacer, total (años)","SP.DYN.LE00.IN","52.651","74.476"
Jordania,"JOR","Esperanza de vida al nacer, varones (años)","SP.DYN.LE00.MA.IN","52.456","72.789"
Jordania,"JOR","PIB (US$ a precios actuales)","NY.GDP.MKTP.CD","NA","40068308450.7042"
Jordania,"JOR","Población, hombres","SP.POP.TOTL.MA.IN","487319","4913205"
Jordania,"JOR","Población, mujeres","SP.POP.TOTL.FE.IN","444938","4789148"
Jordania,"JOR","Población, total","SP.POP.TOTL","932257","9702353"
Kuwait,"KWT","Esperanza de vida al nacer, mujeres (años)","SP.DYN.LE00.FE.IN","61.893","76.139"
Kuwait,"KWT","Esperanza de vida al nacer, total (años)","SP.DYN.LE00.IN","60.285","74.811"
Kuwait,"KWT","Esperanza de vida al nacer, varones (años)","SP.DYN.LE00.MA.IN","59.211","73.899"
Kuwait,"KWT","PIB (US$ a precios actuales)","NY.GDP.MKTP.CD","NA","120126277612.925"
Kuwait,"KWT","Población, hombres","SP.POP.TOTL.MA.IN","173152","2375253"
Kuwait,"KWT","Población, mujeres","SP.POP.TOTL.FE.IN","96466","1761275"
Kuwait,"KWT","Población, total","SP.POP.TOTL","269618","4136528"
Líbano,"LBN","Esperanza de vida al nacer, mujeres (años)","SP.DYN.LE00.FE.IN","65.081","81.591"
Líbano,"LBN","Esperanza de vida al nacer, total (años)","SP.DYN.LE00.IN","63.267","79.758"
Líbano,"LBN","Esperanza de vida al nacer, varones (años)","SP.DYN.LE00.MA.IN","61.565","78.167"
Líbano,"LBN","PIB (US$ a precios actuales)","NY.GDP.MKTP.CD","NA","53576985686.6998"
Líbano,"LBN","Población, hombres","SP.POP.TOTL.MA.IN","907606","3051012"
Líbano,"LBN","Población, mujeres","SP.POP.TOTL.FE.IN","897320","3031345"
Líbano,"LBN","Población, total","SP.POP.TOTL","1804926","6082357"
Libia,"LBY","Esperanza de vida al nacer, mujeres (años)","SP.DYN.LE00.FE.IN","43.893","75.123"
Libia,"LBY","Esperanza de vida al nacer, total (años)","SP.DYN.LE00.IN","42.609","72.11"
Libia,"LBY","Esperanza de vida al nacer, varones (años)","SP.DYN.LE00.MA.IN","41.449","69.327"
Libia,"LBY","PIB (US$ a precios actuales)","NY.GDP.MKTP.CD","NA","38107728082.5817"
Libia,"LBY","Población, hombres","SP.POP.TOTL.MA.IN","743197","3213426"
Libia,"LBY","Población, mujeres","SP.POP.TOTL.FE.IN","705220","3161190"
Libia,"LBY","Población, total","SP.POP.TOTL","1448417","6374616"
Malta,"MLT","Esperanza de vida al nacer, mujeres (años)","SP.DYN.LE00.FE.IN","70.515","84.4"
Malta,"MLT","Esperanza de vida al nacer, total (años)","SP.DYN.LE00.IN","68.5952926829268","82.4536585365854"
Malta,"MLT","Esperanza de vida al nacer, varones (años)","SP.DYN.LE00.MA.IN","66.767","80.6"
Malta,"MLT","PIB (US$ a precios actuales)","NY.GDP.MKTP.CD","NA","12518134319.0893"
Malta,"MLT","Población, hombres","SP.POP.TOTL.MA.IN","158063","235043"
Malta,"MLT","Población, mujeres","SP.POP.TOTL.FE.IN","168487","232956"
Malta,"MLT","Población, total","SP.POP.TOTL","326550","467999"
Marruecos,"MAR","Esperanza de vida al nacer, mujeres (años)","SP.DYN.LE00.FE.IN","49.806","77.217"
Marruecos,"MAR","Esperanza de vida al nacer, total (años)","SP.DYN.LE00.IN","48.458","76.059"
Marruecos,"MAR","Esperanza de vida al nacer, varones (años)","SP.DYN.LE00.MA.IN","47.152","74.86"
Marruecos,"MAR","PIB (US$ a precios actuales)","NY.GDP.MKTP.CD","2037150716.33238","109708728848.535"
Marruecos,"MAR","Población, hombres","SP.POP.TOTL.MA.IN","6142937","17701043"
Marruecos,"MAR","Población, mujeres","SP.POP.TOTL.FE.IN","6185595","18038537"
Marruecos,"MAR","Población, total","SP.POP.TOTL","12328532","35739580"
Omán,"OMN","Esperanza de vida al nacer, mujeres (años)","SP.DYN.LE00.FE.IN","43.504","79.706"
Omán,"OMN","Esperanza de vida al nacer, total (años)","SP.DYN.LE00.IN","42.672","77.258"
Omán,"OMN","Esperanza de vida al nacer, varones (años)","SP.DYN.LE00.MA.IN","41.87","75.553"
Omán,"OMN","PIB (US$ a precios actuales)","NY.GDP.MKTP.CD","NA","70783875162.5488"
Omán,"OMN","Población, hombres","SP.POP.TOTL.MA.IN","273280","3052702"
Omán,"OMN","Población, mujeres","SP.POP.TOTL.FE.IN","278460","1583560"
Omán,"OMN","Población, total","SP.POP.TOTL","551740","4636262"
Qatar,"QAT","Esperanza de vida al nacer, mujeres (años)","SP.DYN.LE00.FE.IN","63.344","80.034"
Qatar,"QAT","Esperanza de vida al nacer, total (años)","SP.DYN.LE00.IN","61.094","78.331"
Qatar,"QAT","Esperanza de vida al nacer, varones (años)","SP.DYN.LE00.MA.IN","59.212","77.568"
Qatar,"QAT","PIB (US$ a precios actuales)","NY.GDP.MKTP.CD","NA","166928571428.571"
Qatar,"QAT","Población, hombres","SP.POP.TOTL.MA.IN","26763","1981342"
Qatar,"QAT","Población, mujeres","SP.POP.TOTL.FE.IN","20621","657869"
Qatar,"QAT","Población, total","SP.POP.TOTL","47384","2639211"
República Árabe Siria,"SYR","Esperanza de vida al nacer, mujeres (años)","SP.DYN.LE00.FE.IN","53.389","77.418"
República Árabe Siria,"SYR","Esperanza de vida al nacer, total (años)","SP.DYN.LE00.IN","51.971","70.963"
República Árabe Siria,"SYR","Esperanza de vida al nacer, varones (años)","SP.DYN.LE00.MA.IN","50.671","65.407"
República Árabe Siria,"SYR","PIB (US$ a precios actuales)","NY.GDP.MKTP.CD","857704431.686497","NA"
República Árabe Siria,"SYR","Población, hombres","SP.POP.TOTL.MA.IN","2337865","9231064"
República Árabe Siria,"SYR","Población, mujeres","SP.POP.TOTL.FE.IN","2235647","9038804"
República Árabe Siria,"SYR","Población, total","SP.POP.TOTL","4573512","18269868"
Ribera Occidental y Gaza,"PSE","Esperanza de vida al nacer, mujeres (años)","SP.DYN.LE00.FE.IN","NA","75.637"
Ribera Occidental y Gaza,"PSE","Esperanza de vida al nacer, total (años)","SP.DYN.LE00.IN","NA","73.646"
Ribera Occidental y Gaza,"PSE","Esperanza de vida al nacer, varones (años)","SP.DYN.LE00.MA.IN","NA","71.756"
Ribera Occidental y Gaza,"PSE","PIB (US$ a precios actuales)","NY.GDP.MKTP.CD","NA","14498100000"
Ribera Occidental y Gaza,"PSE","Población, hombres","SP.POP.TOTL.MA.IN","NA","2375815"
Ribera Occidental y Gaza,"PSE","Población, mujeres","SP.POP.TOTL.FE.IN","NA","2308962"
Ribera Occidental y Gaza,"PSE","Población, total","SP.POP.TOTL","NA","4684777"
Túnez,"TUN","Esperanza de vida al nacer, mujeres (años)","SP.DYN.LE00.FE.IN","43.007","77.992"
Túnez,"TUN","Esperanza de vida al nacer, total (años)","SP.DYN.LE00.IN","42.021","75.943"
Túnez,"TUN","Esperanza de vida al nacer, varones (años)","SP.DYN.LE00.MA.IN","41.06","73.919"
Túnez,"TUN","PIB (US$ a precios actuales)","NY.GDP.MKTP.CD","NA","39952095560.8829"
Túnez,"TUN","Población, hombres","SP.POP.TOTL.MA.IN","2082187","5697119"
Túnez,"TUN","Población, mujeres","SP.POP.TOTL.FE.IN","2094079","5835008"
Túnez,"TUN","Población, total","SP.POP.TOTL","4176266","11532127"
"Yemen, Rep. del","YEM","Esperanza de vida al nacer, mujeres (años)","SP.DYN.LE00.FE.IN","35.548","66.648"
"Yemen, Rep. del","YEM","Esperanza de vida al nacer, total (años)","SP.DYN.LE00.IN","34.361","65.157"
"Yemen, Rep. del","YEM","Esperanza de vida al nacer, varones (años)","SP.DYN.LE00.MA.IN","33.236","63.701"
"Yemen, Rep. del","YEM","PIB (US$ a precios actuales)","NY.GDP.MKTP.CD","NA","31267675216.25"
"Yemen, Rep. del","YEM","Población, hombres","SP.POP.TOTL.MA.IN","2588983","14271428"
"Yemen, Rep. del","YEM","Población, mujeres","SP.POP.TOTL.FE.IN","2583152","13978992"
"Yemen, Rep. del","YEM","Población, total","SP.POP.TOTL","5172135","28250420"
,"","","","",""
,"","","","",""
,"","","","",""
Data from Database: Indicadores del desarrollo mundial,"","","","",""
Last Updated: 04/24/2019,"","","","",""
