﻿país Name,"país Code","serie Name","serie Code","1960 [YR1960]","2017 [YR2017]"
Afganistán,"AFG","Esperanza de vida al nacer, mujeres (años)","SP.DYN.LE00.FE.IN","33.133","65.425"
Afganistán,"AFG","Esperanza de vida al nacer, total (años)","SP.DYN.LE00.IN","32.292","64.047"
Afganistán,"AFG","Esperanza de vida al nacer, varones (años)","SP.DYN.LE00.MA.IN","31.58","62.764"
Afganistán,"AFG","PIB (US$ a precios actuales)","NY.GDP.MKTP.CD","537777811.111111","19543976895.4248"
Afganistán,"AFG","Población, hombres","SP.POP.TOTL.MA.IN","4649361","18309891"
Afganistán,"AFG","Población, mujeres","SP.POP.TOTL.FE.IN","4346990","17220190"
Afganistán,"AFG","Población, total","SP.POP.TOTL","8996351","35530081"
Bangladesh,"BGD","Esperanza de vida al nacer, mujeres (años)","SP.DYN.LE00.FE.IN","46.152","74.623"
Bangladesh,"BGD","Esperanza de vida al nacer, total (años)","SP.DYN.LE00.IN","45.831","72.808"
Bangladesh,"BGD","Esperanza de vida al nacer, varones (años)","SP.DYN.LE00.MA.IN","45.523","71.191"
Bangladesh,"BGD","PIB (US$ a precios actuales)","NY.GDP.MKTP.CD","4274893913.49536","249723862487.361"
Bangladesh,"BGD","Población, hombres","SP.POP.TOTL.MA.IN","24911873","83035772"
Bangladesh,"BGD","Población, mujeres","SP.POP.TOTL.FE.IN","23287874","81633979"
Bangladesh,"BGD","Población, total","SP.POP.TOTL","48199747","164669751"
Bhután,"BTN","Esperanza de vida al nacer, mujeres (años)","SP.DYN.LE00.FE.IN","35.053","70.876"
Bhután,"BTN","Esperanza de vida al nacer, total (años)","SP.DYN.LE00.IN","34.526","70.565"
Bhután,"BTN","Esperanza de vida al nacer, varones (años)","SP.DYN.LE00.MA.IN","34.019","70.258"
Bhután,"BTN","PIB (US$ a precios actuales)","NY.GDP.MKTP.CD","NA","2528007911.35353"
Bhután,"BTN","Población, hombres","SP.POP.TOTL.MA.IN","113813","428629"
Bhután,"BTN","Población, mujeres","SP.POP.TOTL.FE.IN","109475","378981"
Bhután,"BTN","Población, total","SP.POP.TOTL","223288","807610"
India,"IND","Esperanza de vida al nacer, mujeres (años)","SP.DYN.LE00.FE.IN","40.413","70.427"
India,"IND","Esperanza de vida al nacer, total (años)","SP.DYN.LE00.IN","41.174","68.803"
India,"IND","Esperanza de vida al nacer, varones (años)","SP.DYN.LE00.MA.IN","41.89","67.32"
India,"IND","PIB (US$ a precios actuales)","NY.GDP.MKTP.CD","37029884761.6365","2650725335363.83"
India,"IND","Población, hombres","SP.POP.TOTL.MA.IN","231929047","693958761"
India,"IND","Población, mujeres","SP.POP.TOTL.FE.IN","217551561","645221366"
India,"IND","Población, total","SP.POP.TOTL","449480608","1339180127"
Maldivas,"MDV","Esperanza de vida al nacer, mujeres (años)","SP.DYN.LE00.FE.IN","37.429","78.799"
Maldivas,"MDV","Esperanza de vida al nacer, total (años)","SP.DYN.LE00.IN","37.397","77.649"
Maldivas,"MDV","Esperanza de vida al nacer, varones (años)","SP.DYN.LE00.MA.IN","37.204","76.711"
Maldivas,"MDV","PIB (US$ a precios actuales)","NY.GDP.MKTP.CD","NA","4865546027.0157"
Maldivas,"MDV","Población, hombres","SP.POP.TOTL.MA.IN","48954","248100"
Maldivas,"MDV","Población, mujeres","SP.POP.TOTL.FE.IN","40933","188230"
Maldivas,"MDV","Población, total","SP.POP.TOTL","89887","436330"
Nepal,"NPL","Esperanza de vida al nacer, mujeres (años)","SP.DYN.LE00.FE.IN","35.304","72.247"
Nepal,"NPL","Esperanza de vida al nacer, total (años)","SP.DYN.LE00.IN","35.197","70.604"
Nepal,"NPL","Esperanza de vida al nacer, varones (años)","SP.DYN.LE00.MA.IN","35.044","68.983"
Nepal,"NPL","PIB (US$ a precios actuales)","NY.GDP.MKTP.CD","508334413.965087","24880266905.4961"
Nepal,"NPL","Población, hombres","SP.POP.TOTL.MA.IN","5011684","14225608"
Nepal,"NPL","Población, mujeres","SP.POP.TOTL.FE.IN","5051327","15079390"
Nepal,"NPL","Población, total","SP.POP.TOTL","10063011","29304998"
Pakistán,"PAK","Esperanza de vida al nacer, mujeres (años)","SP.DYN.LE00.FE.IN","45.478","67.696"
Pakistán,"PAK","Esperanza de vida al nacer, total (años)","SP.DYN.LE00.IN","45.265","66.629"
Pakistán,"PAK","Esperanza de vida al nacer, varones (años)","SP.DYN.LE00.MA.IN","45.105","65.634"
Pakistán,"PAK","PIB (US$ a precios actuales)","NY.GDP.MKTP.CD","3707055900.88198","304951818494.066"
Pakistán,"PAK","Población, hombres","SP.POP.TOTL.MA.IN","24056248","101199353"
Pakistán,"PAK","Población, mujeres","SP.POP.TOTL.FE.IN","20852045","95816602"
Pakistán,"PAK","Población, total","SP.POP.TOTL","44908293","197015955"
Sri Lanka,"LKA","Esperanza de vida al nacer, mujeres (años)","SP.DYN.LE00.FE.IN","62.241","78.803"
Sri Lanka,"LKA","Esperanza de vida al nacer, total (años)","SP.DYN.LE00.IN","59.369","75.485"
Sri Lanka,"LKA","Esperanza de vida al nacer, varones (años)","SP.DYN.LE00.MA.IN","57.343","72.112"
Sri Lanka,"LKA","PIB (US$ a precios actuales)","NY.GDP.MKTP.CD","1409873949.57983","87357205923.1238"
Sri Lanka,"LKA","Población, hombres","SP.POP.TOTL.MA.IN","5183213","10306308"
Sri Lanka,"LKA","Población, mujeres","SP.POP.TOTL.FE.IN","4691268","11137692"
Sri Lanka,"LKA","Población, total","SP.POP.TOTL","9874481","21444000"
,"","","","",""
,"","","","",""
,"","","","",""
Data from Database: Indicadores del desarrollo mundial,"","","","",""
Last Updated: 04/24/2019,"","","","",""
