,co2,relative_temp
1850-01-15,284.944656165892,-0.7
1850-02-15,285.33379177202005,-0.28600000000000003
1850-03-15,285.68282529314996,-0.732
1850-04-15,285.93117886177896,-0.563
1850-05-15,285.88592837839,-0.327
1850-06-15,285.166409774479,-0.213
1850-07-15,283.535435169395,-0.125
1850-08-15,281.936464955225,-0.237
1850-09-15,281.901050552666,-0.439
1850-10-15,282.941449012576,-0.451
1850-11-15,283.950587411799,-0.187
1850-12-15,284.594220910059,-0.257
1851-01-15,285.062186270545,-0.29600000000000004
1851-02-15,285.454612618704,-0.35600000000000004
1851-03-15,285.807019565383,-0.479
1851-04-15,286.058745574905,-0.441
1851-05-15,286.016688690945,-0.295
1851-06-15,285.300121015748,-0.19699999999999998
1851-07-15,283.671992646514,-0.212
1851-08-15,282.075738690955,-0.157
1851-09-15,282.04268870732,-0.10099999999999999
1851-10-15,283.085164171303,-0.057
1851-11-15,284.096026614885,-0.02
1851-12-15,284.741013624775,-0.051
1852-01-15,285.210038282149,-0.315
1852-02-15,285.603128119977,-0.47700000000000004
1852-03-15,285.955887820865,-0.502
1852-04-15,286.207688563156,-0.557
1852-05-15,286.16535777820303,-0.21100000000000002
1852-06-15,285.448222045858,-0.04
1852-07-15,283.819505446809,-0.018000000000000002
1852-08-15,282.222685845347,-0.20199999999999999
1852-09-15,282.18886406276,-0.125
1852-10-15,283.230444390441,-0.21600000000000003
1852-11-15,284.240228597374,-0.193
1852-12-15,284.88394713310004,0.073
1853-01-15,285.351546282978,-0.182
1853-02-15,285.74308894638597,-0.327
1853-03-15,286.094221167157,-0.309
1853-04-15,286.344357969177,-0.355
1853-05-15,286.300277143615,-0.268
1853-06-15,285.581368806736,-0.175
1853-07-15,283.95111908205797,-0.059000000000000004
1853-08-15,282.35304271088404,-0.14800000000000002
1853-09-15,282.317998665078,-0.40399999999999997
1853-10-15,283.358427178718,-0.36200000000000004
1853-11-15,284.367036963703,-0.255
1853-12-15,285.009513026331,-0.43700000000000006
1854-01-15,285.47578088337,-0.365
1854-02-15,285.865921861758,-0.282
1854-03-15,286.215568344039,-0.28600000000000003
1854-04-15,286.464135248693,-0.353
1854-05-15,286.418319427959,-0.233
1854-06-15,285.69752791862703,-0.21899999999999997
1854-07-15,284.06543551480803,-0.22699999999999998
1854-08-15,282.465574015363,-0.16699999999999998
1854-09-15,282.428634332472,-0.11900000000000001
1854-10-15,283.467137460205,-0.192
1854-11-15,284.47376132930697,-0.36700000000000005
1854-12-15,285.114201334789,-0.233
1855-01-15,285.57840488204,-0.16899999999999998
1855-02-15,285.966540052717,-0.401
1855-03-15,286.31426703643103,-0.306
1855-04-15,286.56104968567297,-0.223
1855-05-15,286.51356701117,-0.33799999999999997
1855-06-15,285.79128904863,-0.16699999999999998
1855-07-15,284.158095446921,-0.271
1855-08-15,282.557566370117,-0.163
1855-09-15,282.52024864908697,-0.336
1855-10-15,283.558718333307,-0.217
1855-11-15,284.565616266236,-0.214
1855-12-15,285.20663476548697,-0.518
1856-01-15,285.67179311222696,-0.122
1856-02-15,286.061178714628,-0.376
1856-03-15,286.410530037697,-0.528
1856-04-15,286.659344067784,-0.38
1856-05-15,286.61425703625497,-0.129
1856-06-15,285.894788102253,-0.29100000000000004
1856-07-15,284.265027312646,-0.304
1856-08-15,282.668577522689,-0.309
1856-09-15,282.635726700548,-0.461
1856-10-15,283.678996156165,-0.391
1856-11-15,284.690867229516,-0.608
1856-12-15,285.336911398611,-0.449
1857-01-15,285.80718375293,-0.513
1857-02-15,286.201409102248,-0.345
1857-03-15,286.555370643819,-0.434
1857-04-15,286.80849045988,-0.649
1857-05-15,286.767220928145,-0.57
1857-06-15,286.051029251646,-0.31
1857-07-15,284.424184979168,-0.541
1857-08-15,282.8302422032,-0.32899999999999996
1857-09-15,282.799259569157,-0.39299999999999996
1857-10-15,283.843898911574,-0.474
1857-11-15,284.856631848095,-0.6679999999999999
1857-12-15,285.50307562422,-0.358
1858-01-15,285.973428533867,-0.528
1858-02-15,286.367387972085,-0.708
1858-03-15,286.720890208468,-0.5479999999999999
1858-04-15,286.97346051501097,-0.512
1858-05-15,286.931538480641,-0.653
1858-06-15,286.214718926672,-0.5820000000000001
1858-07-15,284.587645410516,-0.32899999999999996
1858-08-15,282.993973834516,-0.278
1858-09-15,282.963487893952,-0.332
1858-10-15,284.008894810922,-0.21100000000000002
1858-11-15,285.022551404762,-0.643
1858-12-15,285.670019192476,-0.304
1859-01-15,286.14154524939096,-0.308
1859-02-15,286.53669164753103,-0.18899999999999997
1859-03-15,286.89145396059297,-0.327
1859-04-15,287.145362911525,-0.195
1859-05-15,287.10473982977004,-0.307
1859-06-15,286.389211044685,-0.248
1859-07-15,284.76371443857397,-0.27399999999999997
1859-08-15,283.171919897762,-0.1
1859-09-15,283.14329723347197,-0.565
1859-10-15,284.190614723639,-0.249
1859-11-15,285.206119533092,-0.315
1859-12-15,285.855326532121,-0.363
1860-01-15,286.328561520526,-0.18100000000000002
1860-02-15,286.725225159994,-0.426
1860-03-15,287.081403293532,-0.642
1860-04-15,287.336646182979,-0.332
1860-05-15,287.297158334022,-0.293
1860-06-15,286.582614336925,-0.309
1860-07-15,284.958290031711,-0.109
1860-08-15,283.367882839573,-0.182
1860-09-15,283.340511131318,-0.217
1860-10-15,284.388992043185,-0.195
1860-11-15,285.405433053931,-0.515
1860-12-15,286.055278799547,-0.762
1861-01-15,286.52887904911,-0.893
1861-02-15,286.925532277788,-0.508
1861-03-15,287.28136000827004,-0.46399999999999997
1861-04-15,287.53591228604597,-0.386
1861-05-15,287.495257037809,-0.768
1861-06-15,286.779097359488,-0.18899999999999997
1861-07-15,285.153027292534,-0.221
1861-08-15,283.560754611264,-0.094
1861-09-15,283.53109362715696,-0.33
1861-10-15,284.577025618111,-0.36200000000000004
1861-11-15,285.59063691597,-0.41700000000000004
1861-12-15,286.23742046159,-0.247
1862-01-15,286.707808670214,-0.742
1862-02-15,287.101245033834,-0.78
1862-03-15,287.453944050266,-0.40299999999999997
1862-04-15,287.705570091571,-0.24
1862-05-15,287.66218802666697,-0.225
1862-06-15,286.94364000267797,-0.336
1862-07-15,285.315908488923,-0.344
1862-08-15,283.722820741354,-0.7
1862-09-15,283.69292003243,-0.42
1862-10-15,284.73917790064,-0.42
1862-11-15,285.753503001269,-0.7659999999999999
1862-12-15,286.40127038442,-0.887
1863-01-15,286.872884535807,0.122
1863-02-15,287.267624490116,-0.024
1863-03-15,287.62168710090197,-0.365
1863-04-15,287.874679714693,-0.244
1863-05-15,287.832489978939,-0.32899999999999996
1863-06-15,287.114928332058,-0.402
1863-07-15,285.488200885522,-0.423
1863-08-15,283.896086081447,-0.326
1863-09-15,283.866800669245,-0.316
1863-10-15,284.913425586246,-0.384
1863-11-15,285.92781962841,-0.32899999999999996
1863-12-15,286.575369204313,-0.341
1864-01-15,287.043461105101,-0.941
1864-02-15,287.43804648486696,-0.632
1864-03-15,287.79224300677504,-0.507
1864-04-15,288.04552333796903,-0.5479999999999999
1864-05-15,288.004506884842,-0.45399999999999996
1864-06-15,287.288686908825,-0.165
1864-07-15,285.662111637828,-0.159
1864-08-15,284.068371360169,-0.311
1864-09-15,284.037815663627,-0.445
1864-10-15,285.083001248303,-0.706
1864-11-15,286.096451636901,-0.47200000000000003
1864-12-15,286.74377667321096,-0.615
1865-01-15,287.217245276198,-0.10099999999999999
1865-02-15,287.611935446024,-0.615
1865-03-15,287.965893888655,-0.6459999999999999
1865-04-15,288.218722777834,-0.23600000000000002
1865-05-15,288.176370742132,-0.265
1865-06-15,287.458629113214,-0.285
1865-07-15,285.831544355377,-0.136
1865-08-15,284.238885515466,-0.21
1865-09-15,284.209034689962,-0.085
1865-10-15,285.255045051793,-0.27
1865-11-15,286.268842401815,-0.2
1865-12-15,286.915846460209,-0.342
1866-01-15,287.386082058588,0.037000000000000005
1866-02-15,287.77985249735804,-0.21600000000000003
1866-03-15,288.132968963223,-0.596
1866-04-15,288.385080402615,-0.265
1866-05-15,288.342208381653,-0.53
1866-06-15,287.624185493597,0.098
1866-07-15,285.99704387761903,0.018000000000000002
1866-08-15,284.40459773794,-0.273
1866-09-15,284.37532128231703,-0.23199999999999998
1866-10-15,285.422196150092,-0.425
1866-11-15,286.437093520896,-0.309
1866-12-15,287.085365167487,-0.33399999999999996
1867-01-15,287.555566913774,-0.313
1867-02-15,287.950912743459,0.006999999999999999
1867-03-15,288.30571067334097,-0.7140000000000001
1867-04-15,288.559435943218,-0.266
1867-05-15,288.51840102907903,-0.546
1867-06-15,287.802166955532,-0.304
1867-07-15,286.175507238437,-0.247
1867-08-15,284.58203380795396,-0.23399999999999999
1867-09-15,284.551295911725,-0.10300000000000001
1867-10-15,285.596035993629,-0.18600000000000003
1867-11-15,286.608550044732,-0.314
1867-12-15,287.25437801821397,-0.628
1868-01-15,287.724558661894,-0.7
1868-02-15,288.116980955691,-0.47100000000000003
1868-03-15,288.46845630351896,-0.079
1868-04-15,288.718584177726,-0.381
1868-05-15,288.67343663569,-0.077
1868-06-15,287.95277574092,-0.17800000000000002
1868-07-15,286.322350731317,0.138
1868-08-15,284.725920190544,-0.040999999999999995
1868-09-15,284.692190059761,-0.20199999999999999
1868-10-15,285.734151011223,-0.23800000000000002
1868-11-15,286.743845381136,-0.505
1868-12-15,287.386745227445,-0.131
1869-01-15,287.85285638807005,-0.249
1869-02-15,288.24253008930697,0.258
1869-03-15,288.591548057178,-0.591
1869-04-15,288.83954786695097,-0.221
1869-05-15,288.79266083364496,-0.281
1869-06-15,288.070682667874,-0.376
1869-07-15,286.439351313338,-0.293
1869-08-15,284.8424621559,-0.084
1869-09-15,284.808806467376,-0.196
1869-10-15,285.851323572455,-0.41700000000000004
1869-11-15,286.861996898243,-0.371
1869-12-15,287.50622851822396,-0.358
1870-01-15,287.974208201822,-0.08199999999999999
1870-02-15,288.365644985782,-0.45299999999999996
1870-03-15,288.71650890782297,-0.4
1870-04-15,288.966374622833,-0.20600000000000002
1870-05-15,288.921246547234,-0.168
1870-06-15,288.200870946971,-0.21600000000000003
1870-07-15,286.571072238682,0.018000000000000002
1870-08-15,284.975586821614,-0.259
1870-09-15,284.942981584181,-0.264
1870-10-15,285.986249163152,-0.40299999999999997
1870-11-15,286.997390807916,-0.17
1870-12-15,287.641859823568,-0.72
1871-01-15,288.110436022163,-0.528
1871-02-15,288.501801591248,-0.5479999999999999
1871-03-15,288.852533519647,0.003
1871-04-15,289.102323563704,-0.139
1871-05-15,289.05707245453704,-0.309
1871-06-15,288.336690063784,-0.222
1871-07-15,286.70763346457,-0.013000000000000001
1871-08-15,285.113769732899,-0.221
1871-09-15,285.083193675595,-0.45299999999999996
1871-10-15,286.129020297896,-0.48
1871-11-15,287.14301474977697,-0.5379999999999999
1871-12-15,287.79050520967,-0.561
1872-01-15,288.266797376515,-0.31
1872-02-15,288.660727813754,-0.405
1872-03-15,289.013522169507,-0.47
1872-04-15,289.26516074756,-0.15
1872-05-15,289.220185871362,-0.040999999999999995
1872-06-15,288.499142857588,-0.205
1872-07-15,286.872623103069,-0.113
1872-08-15,285.284883495981,-0.027000000000000003
1872-09-15,285.259948274772,-0.128
1872-10-15,286.311838347133,-0.22699999999999998
1872-11-15,287.330976331451,-0.244
1872-12-15,287.982187498681,-0.426
1873-01-15,288.460037760388,-0.03
1873-02-15,288.85542944250705,-0.344
1873-03-15,289.208958118399,-0.29
1873-04-15,289.46085507645097,-0.524
1873-05-15,289.414702478135,-0.41200000000000003
1873-06-15,288.69155172811,-0.257
1873-07-15,287.065073335771,-0.15
1873-08-15,285.479849642482,-0.159
1873-09-15,285.45694975761904,-0.355
1873-10-15,286.511108079959,-0.401
1873-11-15,287.53183092426,-0.46399999999999997
1873-12-15,288.183647254549,-0.272
1874-01-15,288.656471916777,0.063
1874-02-15,289.05178532424,-0.435
1874-03-15,289.405516190632,-0.556
1874-04-15,289.65787481547,-0.504
1874-05-15,289.612857087175,-0.467
1874-06-15,288.891401857497,-0.457
1874-07-15,287.266143545397,-0.16899999999999998
1874-08-15,285.681616774426,-0.363
1874-09-15,285.660019729305,-0.204
1874-10-15,286.71584619528,-0.433
1874-11-15,287.73885681035597,-0.501
1874-12-15,288.393603450647,-0.40399999999999997
1875-01-15,288.870551603777,-0.5710000000000001
1875-02-15,289.269526709748,-0.597
1875-03-15,289.626989900709,-0.597
1875-04-15,289.883006453368,-0.466
1875-05-15,289.84159943171903,-0.175
1875-06-15,289.123526394616,-0.233
1875-07-15,287.50087464444,-0.299
1875-08-15,285.918023194133,-0.18
1875-09-15,285.897481593912,-0.268
1875-10-15,286.95359950683104,-0.363
1875-11-15,287.97635770778,-0.503
1875-12-15,288.63045624372,-0.506
1876-01-15,289.108053378383,-0.315
1876-02-15,289.505587510005,-0.27899999999999997
1876-03-15,289.861236149194,-0.38799999999999996
1876-04-15,290.11523538020305,-0.298
1876-05-15,290.071423868071,-0.5329999999999999
1876-06-15,289.35080479622,-0.282
1876-07-15,287.726465709593,-0.13699999999999998
1876-08-15,286.142978268916,-0.248
1876-09-15,286.122082255244,-0.436
1876-10-15,287.178390180674,-0.38799999999999996
1876-11-15,288.201567933648,-0.586
1876-12-15,288.856167791889,-0.716
1877-01-15,289.343186985658,-0.327
1877-02-15,289.740044813339,0.049
1877-03-15,290.093989980844,-0.28
1877-04-15,290.345876739701,-0.321
1877-05-15,290.29703542096803,-0.45399999999999996
1877-06-15,289.569745909228,-0.092
1877-07-15,287.945014553504,0.013000000000000001
1877-08-15,286.368223417938,0.147
1877-09-15,286.35345244901004,0.027999999999999997
1877-10-15,287.417053043095,0.062
1877-11-15,288.446124458049,0.096
1877-12-15,289.104245310476,0.17
1878-01-15,289.590833060467,0.174
1878-02-15,289.987545801578,0.40299999999999997
1878-03-15,290.340257132889,0.34299999999999997
1878-04-15,290.590268354985,0.319
1878-05-15,290.537107257586,-0.08199999999999999
1878-06-15,289.80397460478804,0.019
1878-07-15,288.17757677090697,-0.049
1878-08-15,286.603881187519,-0.023
1878-09-15,286.591458633415,0.017
1878-10-15,287.657926697338,-0.122
1878-11-15,288.688624226761,-0.2
1878-12-15,289.346539223793,-0.35600000000000004
1879-01-15,289.830938237515,-0.193
1879-02-15,290.224756849335,-0.149
1879-03-15,290.573885218287,-0.094
1879-04-15,290.820114742045,-0.214
1879-05-15,290.761567016866,-0.212
1879-06-15,290.02233231896497,-0.27
1879-07-15,288.39403511340697,-0.23
1879-08-15,286.823249524233,-0.16699999999999998
1879-09-15,286.814015637593,-0.215
1879-10-15,287.885097773554,-0.122
1879-11-15,288.920241111515,-0.39
1879-12-15,289.58175897807996,-0.515
1880-01-15,290.065054154911,-0.067
1880-02-15,290.461612959388,-0.17300000000000001
1880-03-15,290.81352080709,-0.10400000000000001
1880-04-15,291.062567653065,-0.15
1880-05-15,291.006403690211,-0.244
1880-06-15,290.269216739785,-0.307
1880-07-15,288.643727224093,-0.247
1880-08-15,287.076536720563,-0.11599999999999999
1880-09-15,287.070439559257,-0.235
1880-10-15,288.144380508424,-0.386
1880-11-15,289.18174667963103,-0.408
1880-12-15,289.84478514596003,-0.294
1881-01-15,290.329164629836,-0.353
1881-02-15,290.726180019623,-0.23399999999999999
1881-03-15,291.078223195958,-0.18100000000000002
1881-04-15,291.327260008323,-0.131
1881-05-15,291.270644309651,-0.03
1881-06-15,290.53283928220503,-0.23
1881-07-15,288.907843946316,-0.14800000000000002
1881-08-15,287.342464809669,-0.12300000000000001
1881-09-15,287.338421768798,-0.24
1881-10-15,288.41499380048697,-0.275
1881-11-15,289.45513406052004,-0.33399999999999996
1881-12-15,290.120821661786,-0.13
1882-01-15,290.609097765456,0.125
1882-02-15,291.008050065482,-0.008
1882-03-15,291.361513791669,-0.051
1882-04-15,291.611515856004,-0.28300000000000003
1882-05-15,291.554581903532,-0.37200000000000005
1882-06-15,290.815423485736,-0.315
1882-07-15,289.190177204952,-0.187
1882-08-15,287.62576530907,-0.221
1882-09-15,287.62161424437,-0.156
1882-10-15,288.697392179043,-0.32899999999999996
1882-11-15,289.735381359625,-0.312
1882-12-15,290.397477914185,-0.47100000000000003
1883-01-15,290.877706425447,-0.4
1883-02-15,291.271501493981,-0.321
1883-03-15,291.619676171042,-0.34600000000000003
1883-04-15,291.864397870549,-0.397
1883-05-15,291.802569544603,-0.256
1883-06-15,291.058993368441,-0.124
1883-07-15,289.42939348844,-0.2
1883-08-15,287.86081809421603,-0.21
1883-09-15,287.853461119113,-0.27899999999999997
1883-10-15,288.927039605973,-0.379
1883-11-15,289.96405983643996,-0.312
1883-12-15,290.626373619932,-0.32299999999999995
1884-01-15,291.106047807921,-0.40299999999999997
1884-02-15,291.502269318014,-0.217
1884-03-15,291.853832898506,-0.45899999999999996
1884-04-15,292.102617370594,-0.527
1884-05-15,292.046026655664,-0.396
1884-06-15,291.308408031052,-0.41100000000000003
1884-07-15,289.683353357369,-0.424
1884-08-15,288.117573684478,-0.413
1884-09-15,288.113064869636,-0.34600000000000003
1884-10-15,289.188975462075,-0.332
1884-11-15,290.22839458454104,-0.5670000000000001
1884-12-15,290.89342641663,-0.415
1885-01-15,291.376562266687,-0.502
1885-02-15,291.77589695002604,-0.41200000000000003
1885-03-15,292.130598331915,-0.48200000000000004
1885-04-15,292.382443869343,-0.469
1885-05-15,292.32929948157,-0.518
1885-06-15,291.59529242096403,-0.486
1885-07-15,289.972597686992,-0.316
1885-08-15,288.40779032641603,-0.505
1885-09-15,288.40425644085303,-0.32899999999999996
1885-10-15,289.48084188353903,-0.242
1885-11-15,290.521102173339,-0.262
1885-12-15,291.187308501113,-0.155
1886-01-15,291.673474687508,-0.396
1886-02-15,292.074241362393,-0.47
1886-03-15,292.43029080986304,-0.41200000000000003
1886-04-15,292.683393728721,-0.33799999999999997
1886-05-15,292.63141918829496,-0.188
1886-06-15,291.89848559579104,-0.382
1886-07-15,290.276738055287,-0.28
1886-08-15,288.712744246133,-0.335
1886-09-15,288.709909746369,-0.43200000000000005
1886-10-15,289.787070181457,-0.361
1886-11-15,290.827800366441,-0.423
1886-12-15,291.49442215917,-0.42
1887-01-15,291.977661510786,-0.5660000000000001
1887-02-15,292.37938908432596,-0.556
1887-03-15,292.736921439701,-0.457
1887-04-15,292.991857216474,-0.435
1887-05-15,292.942961211298,-0.355
1887-06-15,292.213954864627,-0.40399999999999997
1887-07-15,290.594317851433,-0.27399999999999997
1887-08-15,289.030380137882,-0.36200000000000004
1887-09-15,289.028202411523,-0.337
1887-10-15,290.106066863387,-0.499
1887-11-15,291.148430292452,-0.40399999999999997
1887-12-15,291.817846781474,-0.395
1888-01-15,292.308528076281,-0.591
1888-02-15,292.714190305893,-0.44
1888-03-15,293.075636660964,-0.534
1888-04-15,293.334398850369,-0.23800000000000002
1888-05-15,293.288971290173,-0.34700000000000003
1888-06-15,292.563051342724,-0.292
1888-07-15,290.946526829216,-0.304
1888-08-15,289.385673294448,-0.278
1888-09-15,289.385945818259,-0.21899999999999997
1888-10-15,290.465632327077,-0.095
1888-11-15,291.508955349124,-0.19399999999999998
1888-12-15,292.17847877018903,-0.16899999999999998
1889-01-15,292.673150386703,-0.067
1889-02-15,293.076889186958,-0.08199999999999999
1889-03-15,293.435356998039,-0.064
1889-04-15,293.690534651283,0.01
1889-05-15,293.63971817655204,-0.08
1889-06-15,292.90740107283796,-0.14400000000000002
1889-07-15,291.287767345491,-0.191
1889-08-15,289.72764296053504,-0.22
1889-09-15,289.72857003377203,-0.381
1889-10-15,290.80987394250997,-0.298
1889-11-15,291.85452004337503,-0.39799999999999996
1889-12-15,292.524563858583,-0.179
1890-01-15,293.0147245866,-0.32899999999999996
1890-02-15,293.41839259709,-0.368
1890-03-15,293.777031041337,-0.46299999999999997
1890-04-15,294.032611320709,-0.324
1890-05-15,293.98230509168,-0.41700000000000004
1890-06-15,293.250620633766,-0.371
1890-07-15,291.632000928778,-0.405
1890-08-15,290.07326958018103,-0.41600000000000004
1890-09-15,290.075654935125,-0.473
1890-10-15,291.158513987458,-0.498
1890-11-15,292.204687606564,-0.555
1890-12-15,292.876175626813,-0.41100000000000003
1891-01-15,293.36914921377996,-0.512
1891-02-15,293.773853221516,-0.474
1891-03-15,294.133245534071,-0.363
1891-04-15,294.389398263031,-0.358
1891-05-15,294.339016725229,-0.19899999999999998
1891-06-15,293.606829347918,-0.28800000000000003
1891-07-15,291.988703930955,-0.32299999999999995
1891-08-15,290.43159965367,-0.313
1891-09-15,290.435344201141,-0.193
1891-10-15,291.519597772002,-0.322
1891-11-15,292.56672235993597,-0.541
1891-12-15,293.238527209887,-0.115
1892-01-15,293.722100522894,-0.39799999999999996
1892-02-15,294.12731284707803,-0.11199999999999999
1892-03-15,294.487873537486,-0.47
1892-04-15,294.745333822765,-0.484
1892-05-15,294.698253904187,-0.40299999999999997
1892-06-15,293.970340918997,-0.461
1892-07-15,292.35139417226895,-0.526
1892-08-15,290.787705883895,-0.44299999999999995
1892-09-15,290.784873152327,-0.325
1892-10-15,291.86118690228403,-0.441
1892-11-15,292.900924982919,-0.627
1892-12-15,293.566686625315,-0.7929999999999999
1893-01-15,294.04179863307496,-0.9740000000000001
1893-02-15,294.443913578808,-0.727
1893-03-15,294.802708023569,-0.373
1893-04-15,295.059163290129,-0.5670000000000001
1893-05-15,295.014586108296,-0.5589999999999999
1893-06-15,294.291415169988,-0.45899999999999996
1893-07-15,292.671135726117,-0.27699999999999997
1893-08-15,291.099266176315,-0.29100000000000004
1893-09-15,291.089614606192,-0.43
1893-10-15,292.158717729655,-0.27399999999999997
1893-11-15,293.19366458119,-0.415
1893-12-15,293.858003634949,-0.34
1894-01-15,294.34090774798403,-0.465
1894-02-15,294.745861706318,-0.374
1894-03-15,295.108268274283,-0.38
1894-04-15,295.368700220711,-0.38799999999999996
1894-05-15,295.329048984608,-0.42100000000000004
1894-06-15,294.61113549328604,-0.493
1894-07-15,292.993717093668,-0.315
1894-08-15,291.42184255965196,-0.341
1894-09-15,291.411541275211,-0.45799999999999996
1894-10-15,292.478586704199,-0.444
1894-11-15,293.510684073475,-0.42
1894-12-15,294.171692741863,-0.41
1895-01-15,294.650752657032,-0.49700000000000005
1895-02-15,295.051800959878,-0.677
1895-03-15,295.410134547676,-0.519
1895-04-15,295.66634734428,-0.405
1895-05-15,295.62330063688,-0.415
1895-06-15,294.90263668489104,-0.33299999999999996
1895-07-15,293.280918715992,-0.348
1895-08-15,291.703158327726,-0.261
1895-09-15,291.68791790265,-0.284
1895-10-15,292.75065327953604,-0.337
1895-11-15,293.780056047874,-0.297
1895-12-15,294.440309147304,-0.318
1896-01-15,294.923984447266,-0.21899999999999997
1896-02-15,295.32674710112,-0.23
1896-03-15,295.687321755497,-0.387
1896-04-15,295.94616381198,-0.35200000000000004
1896-05-15,295.90567967157904,-0.205
1896-06-15,295.187439707066,-0.11900000000000001
1896-07-15,293.568607357919,-0.11199999999999999
1896-08-15,291.99407515137403,-0.063
1896-09-15,291.98142931569197,-0.109
1896-10-15,293.046100141519,-0.12300000000000001
1896-11-15,294.076319446002,-0.28600000000000003
1896-12-15,294.736117869673,-0.034
1897-01-15,295.21807101948997,-0.203
1897-02-15,295.618515125015,-0.125
1897-03-15,295.976220536815,-0.275
1897-04-15,296.231890017554,-0.076
1897-05-15,296.18795542571803,-0.031
1897-06-15,295.466281234635,-0.155
1897-07-15,293.84479640814203,-0.157
1897-08-15,292.26865447852504,-0.149
1897-09-15,292.255101502942,-0.135
1897-10-15,293.319894375308,-0.258
1897-11-15,294.35128445791804,-0.45299999999999996
1897-12-15,295.013320605175,-0.47700000000000004
1898-01-15,295.495785795105,-0.085
1898-02-15,295.900587777722,-0.38
1898-03-15,296.263631256679,-0.7490000000000001
1898-04-15,296.52530593652597,-0.573
1898-05-15,296.488374296571,-0.474
1898-06-15,295.774252174158,-0.319
1898-07-15,294.159052429187,-0.377
1898-08-15,292.58757595857,-0.306
1898-09-15,292.578460026521,-0.332
1898-10-15,293.64691860989603,-0.556
1898-11-15,294.68154855183997,-0.449
1898-12-15,295.346491557574,-0.34600000000000003
1899-01-15,295.836768010065,-0.20800000000000002
1899-02-15,296.24316429242197,-0.494
1899-03-15,296.606923617051,-0.544
1899-04-15,296.868785656505,-0.35100000000000003
1899-05-15,296.830796596359,-0.316
1899-06-15,296.11494682829897,-0.39
1899-07-15,294.500188994674,-0.275
1899-08-15,292.931739520593,-0.147
1899-09-15,292.92576250161596,-0.136
1899-10-15,293.998202646656,-0.188
1899-11-15,295.0369161942,0.027999999999999997
1899-12-15,295.705788082836,-0.45
1900-01-15,296.20596389274397,-0.266
1900-02-15,296.614809509124,-0.172
1900-03-15,296.980286495298,-0.285
1900-04-15,297.24335431595904,-0.261
1900-05-15,297.204653373023,-0.273
1900-06-15,296.486728876377,-0.18
1900-07-15,294.872528792264,-0.19
1900-08-15,293.30758282747,-0.185
1900-09-15,293.303980899347,-0.23
1900-10-15,294.378459745199,-0.057999999999999996
1900-11-15,295.417432919119,-0.263
1900-12-15,296.084199654158,-0.075
1901-01-15,296.574428464023,-0.17600000000000002
1901-02-15,296.97794204013803,-0.272
1901-03-15,297.336868610416,-0.23600000000000002
1901-04-15,297.59254542876,-0.187
1901-05-15,297.545069029364,-0.196
1901-06-15,296.817623336671,-0.146
1901-07-15,295.19587023482103,-0.188
1901-08-15,293.625832460331,-0.196
1901-09-15,293.617446593405,-0.34299999999999997
1901-10-15,294.688231161259,-0.298
1901-11-15,295.724033621731,-0.442
1901-12-15,296.38808461672,-0.428
1902-01-15,296.874561447502,-0.23199999999999998
1902-02-15,297.27749741650797,-0.26
1902-03-15,297.637506919953,-0.39799999999999996
1902-04-15,297.895805610999,-0.451
1902-05-15,297.851919472589,-0.401
1902-06-15,297.128839064123,-0.424
1902-07-15,295.512695420288,-0.391
1902-08-15,293.949271401492,-0.368
1902-09-15,293.947418847618,-0.361
1902-10-15,295.024508598818,-0.47700000000000004
1902-11-15,296.065810102202,-0.5379999999999999
1902-12-15,296.734134821505,-0.526
1903-01-15,297.219284406526,-0.26899999999999996
1903-02-15,297.62376675157503,-0.18100000000000002
1903-03-15,297.983801213263,-0.358
1903-04-15,298.24051500903,-0.473
1903-05-15,298.19454985626,-0.46299999999999997
1903-06-15,297.468789774195,-0.537
1903-07-15,295.847111913485,-0.485
1903-08-15,294.275343345632,-0.5870000000000001
1903-09-15,294.26511849217303,-0.518
1903-10-15,295.333553602058,-0.653
1903-11-15,296.36705829233,-0.634
1903-12-15,297.029069389997,-0.604
1904-01-15,297.505130734188,-0.644
1904-02-15,297.907607176824,-0.59
1904-03-15,298.268246313307,-0.6609999999999999
1904-04-15,298.527648044484,-0.5529999999999999
1904-05-15,298.488067022395,-0.527
1904-06-15,297.771167354011,-0.522
1904-07-15,296.154640301906,-0.522
1904-08-15,294.583441652837,-0.47700000000000004
1904-09-15,294.574667328419,-0.478
1904-10-15,295.64387128232397,-0.473
1904-11-15,296.679126362543,-0.387
1904-12-15,297.344342084549,-0.40700000000000003
1905-01-15,297.83285022274,-0.46
1905-02-15,298.23884228449697,-0.703
1905-03-15,298.601874325325,-0.462
1905-04-15,298.862656611801,-0.555
1905-05-15,298.823236986796,-0.344
1905-06-15,298.10567514057595,-0.314
1905-07-15,296.489106556049,-0.297
1905-08-15,294.918808985731,-0.301
1905-09-15,294.910863059277,-0.313
1905-10-15,295.981290612578,-0.363
1905-11-15,297.017951261242,-0.218
1905-12-15,297.68479268792004,-0.19899999999999998
1906-01-15,298.175910654428,-0.075
1906-02-15,298.584592057509,-0.225
1906-03-15,298.951200114502,-0.284
1906-04-15,299.216572296607,-0.115
1906-05-15,299.182085746444,-0.32899999999999996
1906-06-15,298.469866567734,-0.287
1906-07-15,296.86042447148,-0.315
1906-08-15,295.299011810275,-0.319
1906-09-15,295.300016040961,-0.385
1906-10-15,296.37961558172503,-0.35100000000000003
1906-11-15,297.424977166679,-0.42700000000000005
1906-12-15,298.09966913426,-0.28300000000000003
1907-01-15,298.596527399356,-0.431
1907-02-15,299.011121830433,-0.512
1907-03-15,299.382582144869,-0.33799999999999997
1907-04-15,299.651714873981,-0.507
1907-05-15,299.619803875706,-0.555
1907-06-15,298.909134474048,-0.524
1907-07-15,297.30080396689,-0.402
1907-08-15,295.740193855536,-0.452
1907-09-15,295.741274482071,-0.405
1907-10-15,296.820413017899,-0.359
1907-11-15,297.864686726076,-0.581
1907-12-15,298.537677166627,-0.525
1908-01-15,299.03166591134897,-0.41200000000000003
1908-02-15,299.443708076185,-0.413
1908-03-15,299.812379737409,-0.636
1908-04-15,300.078556407574,-0.55
1908-05-15,300.04362434712397,-0.474
1908-06-15,299.3299464722,-0.47200000000000003
1908-07-15,297.71864992274504,-0.469
1908-08-15,296.155197143196,-0.532
1908-09-15,296.15370030657397,-0.45399999999999996
1908-10-15,297.230600885449,-0.579
1908-11-15,298.273081447695,-0.596
1908-12-15,298.944817414702,-0.568
1909-01-15,299.436254204561,-0.579
1909-02-15,299.848660949831,-0.531
1909-03-15,300.218731030922,-0.69
1909-04-15,300.487228121996,-0.604
1909-05-15,300.455916294531,-0.586
1909-06-15,299.746756170574,-0.512
1909-07-15,298.139135416445,-0.573
1909-08-15,296.5782080573,-0.317
1909-09-15,296.57948306662,-0.39799999999999996
1909-10-15,297.658907429525,-0.48100000000000004
1909-11-15,298.704037762794,-0.42
1909-12-15,299.378602959751,-0.591
1910-01-15,299.87322770918996,-0.35200000000000004
1910-02-15,300.288177128149,-0.514
1910-03-15,300.660282906237,-0.48700000000000004
1910-04-15,300.930142417077,-0.45
1910-05-15,300.899979875596,-0.466
1910-06-15,300.191698359244,-0.48200000000000004
1910-07-15,298.583668401453,-0.466
1910-08-15,297.021053849301,-0.436
1910-09-15,297.02059719975,-0.441
1910-10-15,298.09812173345904,-0.48200000000000004
1910-11-15,299.141683642444,-0.652
1910-12-15,299.815281342579,-0.6659999999999999
1911-01-15,300.303486493873,-0.5539999999999999
1911-02-15,300.71985818517396,-0.753
1911-03-15,301.094997566033,-0.701
1911-04-15,301.369101770364,-0.7170000000000001
1911-05-15,301.34623287351,-0.6
1911-06-15,300.647253553968,-0.5670000000000001
1911-07-15,299.044486143778,-0.51
1911-08-15,297.482405655163,-0.5
1911-09-15,297.483451874658,-0.511
1911-10-15,298.56206241697896,-0.465
1911-11-15,299.60816050382704,-0.374
1911-12-15,300.286411010046,-0.293
1912-01-15,300.783523677779,-0.361
1912-02-15,301.207613314049,-0.28800000000000003
1912-03-15,301.591288260219,-0.385
1912-04-15,301.874400006651,-0.342
1912-05-15,301.861983636972,-0.375
1912-06-15,301.174190223199,-0.312
1912-07-15,299.579710634087,-0.45299999999999996
1912-08-15,298.022513241233,-0.5589999999999999
1912-09-15,298.028254673217,-0.557
1912-10-15,299.110459610765,-0.6409999999999999
1912-11-15,300.160034853774,-0.518
1912-12-15,300.841928852193,-0.484
1913-01-15,301.34732445543597,-0.451
1913-02-15,301.77389663300096,-0.508
1913-03-15,302.15872739782003,-0.537
1913-04-15,302.441619941232,-0.431
1913-05-15,302.427492321105,-0.513
1913-06-15,301.73675777067996,-0.505
1913-07-15,300.138910901148,-0.431
1913-08-15,298.578144409747,-0.39
1913-09-15,298.579648831461,-0.426
1913-10-15,299.657248506827,-0.425
1913-11-15,300.701798247748,-0.264
1913-12-15,301.37832430947003,-0.23199999999999998
1914-01-15,301.879473299112,-0.079
1914-02-15,302.300337790971,-0.21100000000000002
1914-03-15,302.679513361408,-0.326
1914-04-15,302.957080067464,-0.39
1914-05-15,302.937510664364,-0.282
1914-06-15,302.24151212524,-0.281
1914-07-15,300.64022899357104,-0.32799999999999996
1914-08-15,299.078052419145,-0.214
1914-09-15,299.078641827941,-0.255
1914-10-15,300.156208739191,-0.146
1914-11-15,301.201114200151,-0.183
1914-12-15,301.878215857809,-0.249
1915-01-15,302.380603385789,-0.111
1915-02-15,302.80268440246397,-0.044000000000000004
1915-03-15,303.183556313776,-0.187
1915-04-15,303.463461595836,-0.046
1915-05-15,303.446242388546,-0.196
1915-06-15,302.75274539083597,-0.215
1915-07-15,301.155724773158,-0.1
1915-08-15,299.599606814936,-0.065
1915-09-15,299.606209928877,-0.128
1915-10-15,300.689985482039,-0.255
1915-11-15,301.74057877786703,-0.138
1915-12-15,302.422484428638,-0.253
1916-01-15,302.92485223028,-0.235
1916-02-15,303.35028060267996,-0.18100000000000002
1916-03-15,303.733892961715,-0.406
1916-04-15,304.015663827154,-0.33899999999999997
1916-05-15,303.99991413947004,-0.35100000000000003
1916-06-15,303.307371606829,-0.47200000000000003
1916-07-15,301.70941466134497,-0.37799999999999995
1916-08-15,300.15044238223,-0.342
1916-09-15,300.153852877771,-0.335
1916-10-15,301.23389497489103,-0.395
1916-11-15,302.280829895512,-0.5720000000000001
1916-12-15,302.959466077123,-0.629
1917-01-15,303.46030392160196,-0.68
1917-02-15,303.883285562219,-0.765
1917-03-15,304.264867466056,-0.8320000000000001
1917-04-15,304.545122723095,-0.47700000000000004
1917-05-15,304.528432721368,-0.662
1917-06-15,303.83524451669604,-0.35700000000000004
1917-07-15,302.236361693972,-0.122
1917-08-15,300.675914360033,-0.226
1917-09-15,300.677396126338,-0.125
1917-10-15,301.754747076821,-0.385
1917-11-15,302.798105333252,-0.386
1917-12-15,303.47208771215196,-0.635
1918-01-15,303.971809862091,-0.501
1918-02-15,304.386522481508,-0.514
1918-03-15,304.757398803982,-0.445
1918-04-15,305.024586287315,-0.49
1918-05-15,304.991437615475,-0.426
1918-06-15,304.279508622959,-0.32899999999999996
1918-07-15,302.663755497708,-0.336
1918-08-15,301.089235016964,-0.358
1918-09-15,301.07652350002604,-0.243
1918-10-15,302.140907140387,-0.095
1918-11-15,303.171912294753,-0.05
1918-12-15,303.834266666561,-0.23199999999999998
1919-01-15,304.32651304381,-0.106
1919-02-15,304.732659575836,-0.085
1919-03-15,305.097482392822,-0.306
1919-04-15,305.362117683189,-0.07200000000000001
1919-05-15,305.32831018047,-0.255
1919-06-15,304.617907577403,-0.252
1919-07-15,303.01067845216096,-0.36200000000000004
1919-08-15,301.451582240868,-0.336
1919-09-15,301.455247566794,-0.239
1919-10-15,302.53750165649103,-0.29600000000000004
1919-11-15,303.585432071537,-0.532
1919-12-15,304.262427575519,-0.46
1920-01-15,304.76455990937,-0.239
1920-02-15,305.17963200556403,-0.42700000000000005
1920-03-15,305.55007384328,-0.11900000000000001
1920-04-15,305.816619192496,-0.264
1920-05-15,305.779658140873,-0.2
1920-06-15,305.06205417547403,-0.21100000000000002
1920-07-15,303.447506321035,-0.285
1920-08-15,301.881885991082,-0.233
1920-09-15,301.877137041766,-0.139
1920-10-15,302.950391135928,-0.233
1920-11-15,303.98820833637296,-0.289
1920-12-15,304.654126075573,-0.358
1921-01-15,305.144289821239,-0.141
1921-02-15,305.548472425842,-0.183
1921-03-15,305.90926871087896,-0.249
1921-04-15,306.16817596482,-0.22
1921-05-15,306.125100400335,-0.203
1921-06-15,305.403038054072,-0.121
1921-07-15,303.787873103295,-0.14
1921-08-15,302.225358834672,-0.28300000000000003
1921-09-15,302.22457642342096,-0.165
1921-10-15,303.30283888599996,-0.142
1921-11-15,304.345489712085,-0.301
1921-12-15,305.015365736111,-0.147
1922-01-15,305.510252519722,-0.387
1922-02-15,305.915458241397,-0.275
1922-03-15,306.275342681731,-0.267
1922-04-15,306.53133229921,-0.235
1922-05-15,306.481882707946,-0.371
1922-06-15,305.750928962736,-0.324
1922-07-15,304.12866943146,-0.22899999999999998
1922-08-15,302.561685547143,-0.348
1922-09-15,302.55573272486697,-0.282
1922-10-15,303.629405386363,-0.33
1922-11-15,304.667212686736,-0.292
1922-12-15,305.331938045917,-0.308
1923-01-15,305.824227913527,-0.237
1923-02-15,306.224990607446,-0.419
1923-03-15,306.581621278418,-0.41200000000000003
1923-04-15,306.836404096245,-0.36
1923-05-15,306.786395728604,-0.319
1923-06-15,306.056075231208,-0.243
1923-07-15,304.440508173009,-0.35200000000000004
1923-08-15,302.886319921372,-0.377
1923-09-15,302.893562590576,-0.327
1923-10-15,303.981501652829,-0.27
1923-11-15,305.032390036275,-0.021
1923-12-15,305.70783539267103,-0.013999999999999999
1924-01-15,306.20870959623403,-0.315
1924-02-15,306.61438638157904,-0.204
1924-03-15,306.972667017915,-0.271
1924-04-15,307.225744879206,-0.28300000000000003
1924-05-15,307.168584680304,-0.245
1924-06-15,306.426698943508,-0.214
1924-07-15,304.800863474489,-0.263
1924-08-15,303.238637506945,-0.284
1924-09-15,303.235315069597,-0.284
1924-10-15,304.311716588251,-0.316
1924-11-15,305.34875080903,-0.361
1924-12-15,306.007751273308,-0.53
1925-01-15,306.491493797057,-0.40299999999999997
1925-02-15,306.87702395384497,-0.308
1925-03-15,307.214244149873,-0.23
1925-04-15,307.446200950832,-0.273
1925-05-15,307.366360428042,-0.256
1925-06-15,306.601446560296,-0.257
1925-07-15,304.95836608560603,-0.214
1925-08-15,303.38550890474204,-0.128
1925-09-15,303.372683653974,-0.191
1925-10-15,304.44223061220004,-0.309
1925-11-15,305.473361368953,-0.063
1925-12-15,306.126899708035,0.001
1926-01-15,306.610608140035,0.086
1926-02-15,306.992124142211,-0.042
1926-03-15,307.326626699879,-0.027999999999999997
1926-04-15,307.558109110805,-0.17600000000000002
1926-05-15,307.477383206379,-0.217
1926-06-15,306.712388243713,-0.087
1926-07-15,305.07852348906397,-0.239
1926-08-15,303.524564519836,-0.09
1926-09-15,303.53105203267995,-0.09699999999999999
1926-10-15,304.621765353443,-0.08800000000000001
1926-11-15,305.67243815512796,-0.109
1926-12-15,306.342231157377,-0.244
1927-01-15,306.834701440008,-0.261
1927-02-15,307.225743773344,-0.146
1927-03-15,307.566522240003,-0.33299999999999996
1927-04-15,307.80086266631804,-0.258
1927-05-15,307.717472687026,-0.257
1927-06-15,306.94518921802603,-0.23600000000000002
1927-07-15,305.304987932289,-0.147
1927-08-15,303.74673958879396,-0.145
1927-09-15,303.74672435191,-0.134
1927-10-15,304.830401123775,-0.038
1927-11-15,305.872455292986,-0.17300000000000001
1927-12-15,306.53200614879904,-0.42200000000000004
1928-01-15,307.013533468711,-0.054000000000000006
1928-02-15,307.39329045705,-0.133
1928-03-15,307.723524395097,-0.344
1928-04-15,307.949007933887,-0.251
1928-05-15,307.85752436427504,-0.281
1928-06-15,307.078755010499,-0.337
1928-07-15,305.43798682330504,-0.166
1928-08-15,303.885176686848,-0.17600000000000002
1928-09-15,303.891680108194,-0.221
1928-10-15,304.983588875499,-0.161
1928-11-15,306.033669071552,-0.153
1928-12-15,306.700062694402,-0.24
1929-01-15,307.179589311367,-0.48700000000000004
1929-02-15,307.56420157974,-0.67
1929-03-15,307.898461696996,-0.409
1929-04-15,308.12658328472196,-0.389
1929-05-15,308.036474054871,-0.391
1929-06-15,307.25744280899397,-0.35100000000000003
1929-07-15,305.613371126951,-0.358
1929-08-15,304.054369153123,-0.185
1929-09-15,304.053772223699,-0.265
1929-10-15,305.137626075654,-0.17600000000000002
1929-11-15,306.179581094237,-0.07200000000000001
1929-12-15,306.83832018620603,-0.488
1930-01-15,307.313544917251,-0.327
1930-02-15,307.691873938726,-0.287
1930-03-15,308.02075832037497,-0.15
1930-04-15,308.244793778199,-0.201
1930-05-15,308.152051253642,-0.201
1930-06-15,307.372081321694,-0.165
1930-07-15,305.72918428826597,-0.122
1930-08-15,304.17337437871896,-0.055999999999999994
1930-09-15,304.177306806435,-0.079
1930-10-15,305.266995137178,-0.08900000000000001
1930-11-15,306.31576002046603,0.078
1930-12-15,306.98206445846296,-0.079
1931-01-15,307.472965089357,-0.006999999999999999
1931-02-15,307.858849149552,-0.162
1931-03-15,308.194712670572,-0.12300000000000001
1931-04-15,308.425537930497,-0.182
1931-05-15,308.337212915779,-0.166
1931-06-15,307.560238178429,-0.04
1931-07-15,305.925347949681,0.002
1931-08-15,304.383147434384,-0.054000000000000006
1931-09-15,304.399920432763,-0.05
1931-10-15,305.503031202488,-0.046
1931-11-15,306.563604869404,-0.153
1931-12-15,307.239217821,-0.105
1932-01-15,307.738721958445,0.157
1932-02-15,308.129067372806,-0.196
1932-03-15,308.467286975544,-0.243
1932-04-15,308.698856524153,-0.069
1932-05-15,308.607300309921,-0.16899999999999998
1932-06-15,307.82430441030397,-0.191
1932-07-15,306.188113026942,-0.128
1932-08-15,304.650390066329,-0.19699999999999998
1932-09-15,304.670737063709,-0.039
1932-10-15,305.778421646917,-0.17600000000000002
1932-11-15,306.842529534933,-0.235
1932-12-15,307.520052988301,-0.19399999999999998
1933-01-15,308.014679003047,-0.295
1933-02-15,308.406192285154,-0.324
1933-03-15,308.74655495533904,-0.348
1933-04-15,308.981688213128,-0.222
1933-05-15,308.89478249465,-0.213
1933-06-15,308.117997676187,-0.261
1933-07-15,306.49122190106203,-0.185
1933-08-15,304.96588104392004,-0.179
1933-09-15,304.999227439985,-0.235
1933-10-15,306.120521047426,-0.204
1933-11-15,307.19776462187997,-0.316
1933-12-15,307.887264351696,-0.531
1934-01-15,308.394851639442,-0.225
1934-02-15,308.79451594290197,-0.165
1934-03-15,309.14048360586,-0.396
1934-04-15,309.37854289945,-0.25
1934-05-15,309.290245385593,-0.08199999999999999
1934-06-15,308.50810912772704,-0.043
1934-07-15,306.87640017645305,-0.068
1934-08-15,305.347743927189,-0.057999999999999996
1934-09-15,305.37651245629297,-0.10099999999999999
1934-10-15,306.493610523062,-0.091
1934-11-15,307.56660764878603,0.022000000000000002
1934-12-15,308.252143790846,-0.142
1935-01-15,308.755687870263,-0.233
1935-02-15,309.154942792371,0.10099999999999999
1935-03-15,309.50386166967496,-0.23
1935-04-15,309.74922386726297,-0.273
1935-05-15,309.672616656027,-0.245
1935-06-15,308.907567988079,-0.188
1935-07-15,307.30028058716704,-0.142
1935-08-15,305.80272579114103,-0.154
1935-09-15,305.866032305113,-0.141
1935-10-15,307.020732242238,-0.075
1935-11-15,308.132704154072,-0.308
1935-12-15,308.857383621805,-0.27399999999999997
1936-01-15,309.399941259605,-0.31
1936-02-15,309.836122867964,-0.365
1936-03-15,310.21967097640703,-0.31
1936-04-15,310.496667560402,-0.213
1936-05-15,310.446969107239,-0.16
1936-06-15,309.703717768049,-0.161
1936-07-15,308.115606093593,-0.021
1936-08-15,306.635047320975,-0.045
1936-09-15,306.710813865839,-0.10800000000000001
1936-10-15,307.874186693291,-0.006
1936-11-15,308.99036723961103,-0.071
1936-12-15,309.71464029555403,-0.013999999999999999
1937-01-15,310.25860727765803,-0.134
1937-02-15,310.685009408027,0.039
1937-03-15,311.054244172435,-0.27899999999999997
1937-04-15,311.313165082855,-0.135
1937-05-15,311.239506517772,-0.083
1937-06-15,310.467808103036,-0.006
1937-07-15,308.8545587032,0.055
1937-08-15,307.353579496737,0.085
1937-09-15,307.4072158954,0.115
1937-10-15,308.549016674737,0.12
1937-11-15,309.642458177113,0.002
1937-12-15,310.342573881296,-0.113
1938-01-15,310.86195366581103,0.013000000000000001
1938-02-15,311.2640412842,0.017
1938-03-15,311.610453660451,0.057
1938-04-15,311.849228105578,0.077
1938-05-15,311.756629857834,-0.092
1938-06-15,310.968898115746,-0.059000000000000004
1938-07-15,309.349205209116,-0.044000000000000004
1938-08-15,307.851510850555,0.015
1938-09-15,307.911097370298,0.055999999999999994
1938-10-15,309.062421965279,0.141
1938-11-15,310.166208642078,0.021
1938-12-15,310.87608973,-0.29600000000000004
1939-01-15,311.40463258439996,-0.068
1939-02-15,311.814234206901,-0.045
1939-03-15,312.166706345176,-0.271
1939-04-15,312.410017047096,-0.106
1939-05-15,312.317853315261,-0.031
1939-06-15,311.526934265344,0.062
1939-07-15,309.906676317294,0.047
1939-08-15,308.411995451836,0.036000000000000004
1939-09-15,308.472350231679,-0.081
1939-10-15,309.62391303574503,-0.278
1939-11-15,310.725660953342,-0.129
1939-12-15,311.430757258145,0.22899999999999998
1940-01-15,311.95260888218996,-0.192
1940-02-15,312.35346857762994,-0.043
1940-03-15,312.696193332162,-0.11900000000000001
1940-04-15,312.929542068773,0.047
1940-05-15,312.825618318774,0.019
1940-06-15,312.022426447257,0.034
1940-07-15,310.395523819492,0.145
1940-08-15,308.900339318038,0.043
1940-09-15,308.960397680739,0.122
1940-10-15,310.11307189024797,0.011000000000000001
1940-11-15,311.21526330918704,-0.067
1940-12-15,311.919268778871,0.161
1941-01-15,312.43640572897704,-0.092
1941-02-15,312.833658414479,-0.017
1941-03-15,313.17193214476396,-0.136
1941-04-15,313.400147413903,0.019
1941-05-15,313.289102751575,-0.022000000000000002
1941-06-15,312.47727445111,0.11900000000000001
1941-07-15,310.843891667476,0.122
1941-08-15,309.34485163911097,0.024
1941-09-15,309.400185770318,-0.135
1941-10-15,310.548180451076,0.21600000000000003
1941-11-15,311.64462674629397,0.051
1941-12-15,312.34145814957805,0.095
1942-01-15,312.851960906126,0.20600000000000002
1942-02-15,313.239577284555,-0.08800000000000001
1942-03-15,313.567337793427,-0.09
1942-04-15,313.78464067181596,-0.065
1942-05-15,313.66087745242,-0.019
1942-06-15,312.835398746568,0.034
1942-07-15,311.19224853106704,-0.081
1942-08-15,309.687718496729,-0.067
1942-09-15,309.73711081703703,0.002
1942-10-15,310.879645903954,-0.084
1942-11-15,311.969448112856,-0.066
1942-12-15,312.657744158429,0.0
1943-01-15,313.158591069109,-0.214
1943-02-15,313.533905446552,0.068
1943-03-15,313.84765448901,-0.204
1943-04-15,314.04950913014403,-0.003
1943-05-15,313.907193208453,-0.018000000000000002
1943-06-15,313.060738907532,-0.096
1943-07-15,311.399096612587,0.003
1943-08-15,309.879339834667,-0.009000000000000001
1943-09-15,309.91234623349,-0.025
1943-10-15,311.03874217944804,0.22899999999999998
1943-11-15,312.11138046854,0.013999999999999999
1943-12-15,312.781204528521,0.191
1944-01-15,313.270426016712,0.281
1944-02-15,313.624968803772,0.125
1944-03-15,313.91728513951597,0.135
1944-04-15,314.098232805406,0.046
1944-05-15,313.93253197874196,0.057
1944-06-15,313.062284298267,0.152
1944-07-15,311.387311248208,0.22
1944-08-15,309.86568860328,0.23600000000000002
1944-09-15,309.89787013925303,0.293
1944-10-15,311.026649965394,0.209
1944-11-15,312.101266186496,0.006999999999999999
1944-12-15,312.771181835396,-0.034
1945-01-15,313.25106453348,-0.01
1945-02-15,313.603630839353,-0.10300000000000001
1945-03-15,313.89394209730096,-0.048
1945-04-15,314.07292933847197,0.168
1945-05-15,313.90403564371104,-0.10800000000000001
1945-06-15,313.02972032439703,-0.003
1945-07-15,311.353089622034,-0.084
1945-08-15,309.832696798988,0.364
1945-09-15,309.865890034887,0.161
1945-10-15,310.996415324888,0.17300000000000001
1945-11-15,312.072599334208,-0.012
1945-12-15,312.743681409972,-0.20199999999999999
1946-01-15,313.221135276181,0.096
1946-02-15,313.575526413008,0.039
1946-03-15,313.868748159452,-0.062
1946-04-15,314.051940662685,0.139
1946-05-15,313.888643175857,-0.11
1946-06-15,313.021547915666,-0.255
1946-07-15,311.354171613024,-0.043
1946-08-15,309.844825877167,-0.147
1946-09-15,309.890154858362,-0.015
1946-10-15,311.033539468723,-0.052000000000000005
1946-11-15,312.122785440814,-0.094
1946-12-15,312.80666871323604,-0.361
1947-01-15,313.298689009305,-0.113
1947-02-15,313.663739062602,-0.174
1947-03-15,313.965803558364,-0.064
1947-04-15,314.15577820579,0.08900000000000001
1947-05-15,313.996080388699,-0.057
1947-06-15,313.129342698883,0.004
1947-07-15,311.460957398305,-0.003
1947-08-15,309.949689733918,-0.04
1947-09-15,309.990540991015,-0.068
1947-10-15,311.12788783740797,0.068
1947-11-15,312.20932100498,0.047
1947-12-15,312.883848322115,-0.175
1948-01-15,313.369233676365,0.08900000000000001
1948-02-15,313.72303221346,-0.12300000000000001
1948-03-15,314.013647198759,-0.17800000000000002
1948-04-15,314.192885483255,-0.045
1948-05-15,314.022111969282,0.10099999999999999
1948-06-15,313.145283987723,0.069
1948-07-15,311.473247421521,-0.10400000000000001
1948-08-15,309.965315880721,-0.003
1948-09-15,310.01145636249,-0.055999999999999994
1948-10-15,311.156907825718,0.022000000000000002
1948-11-15,312.247413714579,-0.059000000000000004
1948-12-15,312.931134675907,-0.198
1949-01-15,313.421953021839,0.149
1949-02-15,313.785554182722,-0.14400000000000002
1949-03-15,314.08652714874,-0.175
1949-04-15,314.276546721913,0.004
1949-05-15,314.116274200225,-0.053
1949-06-15,313.249655252096,-0.184
1949-07-15,311.588746308758,-0.099
1949-08-15,310.092859677018,-0.042
1949-09-15,310.15046382709403,-0.079
1949-10-15,311.307016945765,-0.034
1949-11-15,312.407693023088,-0.081
1949-12-15,313.100374354495,-0.19
1950-01-15,313.59789776410196,-0.318
1950-02-15,313.968033901902,-0.25
1950-03-15,314.274348538275,-0.18100000000000002
1950-04-15,314.468454028624,-0.17300000000000001
1950-05-15,314.310746056336,-0.094
1950-06-15,313.445150636415,-0.076
1950-07-15,311.78414441015497,-0.044000000000000004
1950-08-15,310.28720613873503,-0.12
1950-09-15,310.34264203048303,-0.106
1950-10-15,311.496369449649,-0.129
1950-11-15,312.59374121486,-0.391
1950-12-15,313.282921926964,-0.25
1951-01-15,313.779500827267,-0.354
1951-02-15,314.146475833269,-0.461
1951-03-15,314.45023634395903,-0.293
1951-04-15,314.642936868911,-0.10800000000000001
1951-05-15,314.48457346814604,-0.015
1951-06-15,313.619812677123,0.033
1951-07-15,311.96386428129,0.040999999999999995
1951-08-15,310.476509395894,0.135
1951-09-15,310.543438142402,0.091
1951-10-15,311.710757536161,0.135
1951-11-15,312.82271050003396,-0.035
1951-12-15,313.526831402155,0.18
1952-01-15,314.03825787599897,0.184
1952-02-15,314.42015138444197,0.13
1952-03-15,314.738519703601,-0.131
1952-04-15,314.945339175209,0.053
1952-05-15,314.799635548456,0.036000000000000004
1952-06-15,313.946064039765,0.039
1952-07-15,312.30150908087603,0.1
1952-08-15,310.825793527955,0.09300000000000001
1952-09-15,310.902756753832,0.1
1952-10-15,312.079056536479,-0.006999999999999999
1952-11-15,313.198393493349,-0.18600000000000003
1952-12-15,313.908163138834,-0.062
1953-01-15,314.425335387117,0.064
1953-02-15,314.809686799329,0.147
1953-03-15,315.129158318498,0.126
1953-04-15,315.336089228838,0.191
1953-05-15,315.188624656731,0.138
1953-06-15,314.33204469281003,0.16699999999999998
1953-07-15,312.68650022102,0.048
1953-08-15,311.212225512418,0.099
1953-09-15,311.290054795645,0.077
1953-10-15,312.46737280077997,0.073
1953-11-15,313.586891117456,-0.067
1953-12-15,314.295649600835,0.091
1954-01-15,314.806147622018,-0.237
1954-02-15,315.188205445385,-0.086
1954-03-15,315.505285479624,-0.153
1954-04-15,315.70967783209,-0.145
1954-05-15,315.559811801421,-0.205
1954-06-15,314.700848088184,-0.126
1954-07-15,313.052109967841,-0.19899999999999998
1954-08-15,311.573759600076,-0.09300000000000001
1954-09-15,311.647458843952,-0.086
1954-10-15,312.820418383403,-0.03
1954-11-15,313.935635746118,0.022000000000000002
1954-12-15,314.640266945039,-0.23199999999999998
1955-01-15,315.143206782755,0.124
1955-02-15,315.521971917976,-0.168
1955-03-15,315.836311014772,-0.405
1955-04-15,316.038226161585,-0.24600000000000002
1955-05-15,315.88729857097803,-0.23199999999999998
1955-06-15,315.02809763204397,-0.163
1955-07-15,313.376296256235,-0.19899999999999998
1955-08-15,311.891679998285,-0.062
1955-09-15,311.95943804175704,-0.114
1955-10-15,313.12598304269903,-0.166
1955-11-15,314.235501445932,-0.316
1955-12-15,314.93560479966,-0.337
1956-01-15,315.432471514668,-0.247
1956-02-15,315.809090672187,-0.34600000000000003
1956-03-15,316.12232064459204,-0.315
1956-04-15,316.32373435264,-0.335
1956-05-15,316.17461401062803,-0.28
1956-06-15,315.318651163113,-0.23
1956-07-15,313.666115435577,-0.20600000000000002
1956-08-15,312.176235103631,-0.25
1956-09-15,312.239432215897,-0.28300000000000003
1956-10-15,313.400958855638,-0.233
1956-11-15,314.506780294687,-0.262
1956-12-15,315.205201977356,-0.209
1957-01-15,315.709759456745,-0.16699999999999998
1957-02-15,316.087150351073,-0.131
1957-03-15,316.40159497073995,-0.188
1957-04-15,316.604809417099,-0.064
1957-05-15,316.457770244757,0.049
1957-06-15,315.60440671794,0.08199999999999999
1957-07-15,313.956179715776,-0.0
1957-08-15,312.47246403978403,0.09300000000000001
1957-09-15,312.542453589336,0.037000000000000005
1957-10-15,313.711456532331,-0.015
1957-11-15,314.824874670872,0.055
1957-12-15,315.530678581406,0.151
1958-01-15,316.043294044269,0.267
1958-02-15,316.42701194772303,0.184
1958-03-15,316.747002490477,0.001
1958-04-15,316.9549384559,0.035
1958-05-15,316.81101414818403,0.032
1958-06-15,315.95927115466,-0.015
1958-07-15,314.31285249888305,0.040999999999999995
1958-08-15,312.831195319745,0.004
1958-09-15,312.9020758418,-0.053
1958-10-15,314.07187537787996,0.013999999999999999
1958-11-15,315.186051649009,0.011000000000000001
1958-12-15,315.893007501196,0.03
1959-01-15,316.403590207195,0.087
1959-02-15,316.79206747806097,0.033
1959-03-15,317.119990124854,0.079
1959-04-15,317.339540792271,0.046
1959-05-15,317.212118099786,-0.01
1959-06-15,316.382127223459,0.062
1959-07-15,314.761599445993,0.03
1959-08-15,313.310336226125,0.047
1959-09-15,313.41717395146196,0.040999999999999995
1959-10-15,314.626698172314,-0.034
1959-11-15,315.78351555653,-0.111
1959-12-15,316.53482419993196,-0.069
1960-01-15,317.092419670787,-0.032
1960-02-15,317.523868887767,0.10400000000000001
1960-03-15,317.891672077089,-0.314
1960-04-15,318.146626311347,-0.17600000000000002
1960-05-15,318.04860440893503,-0.156
1960-06-15,317.24065551018697,-0.03
1960-07-15,315.633752782723,-0.027999999999999997
1960-08-15,314.186425319012,0.008
1960-09-15,314.287468665539,0.064
1960-10-15,315.48313085165,-0.027000000000000003
1960-11-15,316.619524214772,-0.149
1960-12-15,317.345423941266,0.146
1961-01-15,317.878948884258,0.045
1961-02-15,318.279217241608,0.177
1961-03-15,318.615171859518,0.09300000000000001
1961-04-15,318.839569280505,0.096
1961-05-15,318.712627576672,0.092
1961-06-15,317.879695360086,0.111
1961-07-15,316.257474575208,0.019
1961-08-15,314.806487052289,0.033
1961-09-15,314.911688715894,-0.028999999999999998
1961-10-15,316.118890645727,-0.033
1961-11-15,317.271477117843,-0.018000000000000002
1961-12-15,318.01631740453803,-0.11699999999999999
1962-01-15,318.569544360066,0.053
1962-02-15,318.99056099241,0.135
1962-03-15,319.346435190311,0.027999999999999997
1962-04-15,319.58876664097403,0.024
1962-05-15,319.475381273961,-0.047
1962-06-15,318.650731034153,-0.052000000000000005
1962-07-15,317.03324551296004,0.018000000000000002
1962-08-15,315.58239920903196,-0.005
1962-09-15,315.67994731842003,-0.017
1962-10-15,316.873724269759,0.042
1962-11-15,318.007532509371,0.01
1962-12-15,318.72928863226,-0.012
1963-01-15,319.257400740594,-0.045
1963-02-15,319.651224680605,0.14800000000000002
1963-03-15,319.98021831516496,-0.147
1963-04-15,320.19768793949197,-0.069
1963-05-15,320.061812059155,-0.022000000000000002
1963-06-15,319.219034426345,-0.033
1963-07-15,317.592653018688,0.111
1963-08-15,316.143914903476,0.126
1963-09-15,316.251548189461,0.127
1963-10-15,317.462583364647,0.225
1963-11-15,318.617977558912,0.16399999999999998
1963-12-15,319.36349168195096,-0.006
1964-01-15,319.910040208685,-0.053
1964-02-15,320.32798956587004,-0.127
1964-03-15,320.67927549871496,-0.278
1964-04-15,320.91532507809603,-0.24600000000000002
1964-05-15,320.793072411261,-0.177
1964-06-15,319.956948312869,-0.161
1964-07-15,318.326889169707,-0.172
1964-08-15,316.862232447446,-0.256
1964-09-15,316.942837998653,-0.282
1964-10-15,318.117762337502,-0.267
1964-11-15,319.23122748642203,-0.295
1964-12-15,319.931935920158,-0.353
1965-01-15,320.437699153689,-0.106
1965-02-15,320.812529674691,-0.249
1965-03-15,321.125307152925,-0.218
1965-04-15,321.330367594925,-0.255
1965-05-15,321.18679581681704,-0.162
1965-06-15,320.34209127396497,-0.11
1965-07-15,318.720869805377,-0.183
1965-08-15,317.285421174447,-0.106
1965-09-15,317.41488880878603,-0.08800000000000001
1965-10-15,318.655488313315,-0.024
1965-11-15,319.846799372656,-0.13
1965-12-15,320.633268301322,-0.065
1966-01-15,321.229452272446,-0.094
1966-02-15,321.693902539394,-0.09300000000000001
1966-03-15,322.092320575393,-0.067
1966-04-15,322.37520746325004,-0.105
1966-05-15,322.29690332314897,-0.138
1966-06-15,321.501264311736,0.038
1966-07-15,319.91119574458196,0.03
1966-08-15,318.485208903829,-0.017
1966-09-15,318.597815808229,-0.038
1966-10-15,319.79895723354804,-0.10400000000000001
1966-11-15,320.931929428908,-0.095
1966-12-15,321.645358635518,-0.14
1967-01-15,322.154651805228,-0.172
1967-02-15,322.53083540717097,-0.237
1967-03-15,322.840447467757,-0.05
1967-04-15,323.038371867329,-0.063
1967-05-15,322.883676772636,0.076
1967-06-15,322.02452841817404,-0.081
1967-07-15,320.387408720086,-0.063
1967-08-15,318.935190530057,-0.061
1967-09-15,319.0464386977,-0.09300000000000001
1967-10-15,320.26850064821497,0.062
1967-11-15,321.440948501328,-0.059000000000000004
1967-12-15,322.208508026245,-0.147
1968-01-15,322.78042586247994,-0.24100000000000002
1968-02-15,323.228253427052,-0.212
1968-03-15,323.612292138691,0.036000000000000004
1968-04-15,323.88321319246,-0.16899999999999998
1968-05-15,323.79685814742,-0.218
1968-06-15,322.99697285560796,-0.107
1968-07-15,321.403523978703,-0.102
1968-08-15,319.97511105312003,-0.059000000000000004
1968-09-15,320.089579114701,-0.086
1968-10-15,321.295885102465,-0.021
1968-11-15,322.438566055925,-0.071
1968-12-15,323.166815115776,-0.11
1969-01-15,323.70408176354,-0.172
1969-02-15,324.104226883707,-0.168
1969-03-15,324.441910442258,-0.005
1969-04-15,324.672460075799,0.106
1969-05-15,324.554057431315,0.132
1969-06-15,323.73559269515204,0.025
1969-07-15,322.147097844051,0.038
1969-08-15,320.751971279346,0.054000000000000006
1969-09-15,320.925820017222,0.019
1969-10-15,322.216089805207,0.031
1969-11-15,323.459518816058,0.131
1969-12-15,324.29865681677,0.19399999999999998
1970-01-15,324.954121686211,0.07
1970-02-15,325.46783478157903,0.14400000000000002
1970-03-15,325.911874423938,-0.069
1970-04-15,326.236261889243,0.055999999999999994
1970-05-15,326.190854972387,-0.036000000000000004
1970-06-15,325.419873072255,-0.015
1970-07-15,323.855087912379,-0.05
1970-08-15,322.454777067006,-0.09300000000000001
1970-09-15,322.581977226782,-0.04
1970-10-15,323.788689709814,-0.075
1970-11-15,324.91713830904996,-0.05
1970-12-15,325.616979638326,-0.166
1971-01-15,326.112757916749,-0.102
1971-02-15,326.464110733593,-0.289
1971-03-15,326.747180380383,-0.282
1971-04-15,326.920292884364,-0.237
1971-05-15,326.740262504896,-0.214
1971-06-15,325.859897381346,-0.235
1971-07-15,324.222422335423,-0.13
1971-08-15,322.794502593468,-0.168
1971-09-15,322.943380057906,-0.124
1971-10-15,324.221361268059,-0.165
1971-11-15,325.462898733938,-0.086
1971-12-15,326.31039303023204,-0.19899999999999998
1972-01-15,326.982164322566,-0.379
1972-02-15,327.530062123857,-0.29100000000000004
1972-03-15,328.02412277923503,-0.132
1972-04-15,328.416115292133,-0.077
1972-05-15,328.454916734515,-0.065
1972-06-15,327.78706892532,0.008
1972-07-15,326.35246245165,-0.017
1972-08-15,325.111290376805,0.016
1972-09-15,325.420782713756,-0.053
1972-10-15,326.83126050820704,0.006999999999999999
1972-11-15,328.17682850472903,0.002
1972-12-15,329.10037410961496,0.187
1973-01-15,329.825969933892,0.147
1973-02-15,330.396360655181,0.278
1973-03-15,330.887553100128,0.226
1973-04-15,331.252799642467,0.162
1973-05-15,331.239713466325,0.085
1973-06-15,330.496898414977,0.11
1973-07-15,328.972143548678,0.026000000000000002
1973-08-15,327.627294219017,0.017
1973-09-15,327.813800837448,-0.042
1973-10-15,329.085276088108,-0.047
1973-11-15,330.276616525634,-0.099
1973-12-15,331.033010691027,-0.113
1974-01-15,331.569855655491,-0.37200000000000005
1974-02-15,331.959225276068,-0.41
1974-03-15,332.268389658409,-0.22899999999999998
1974-04-15,332.45345347030104,-0.18
1974-05-15,332.266216592525,-0.196
1974-06-15,331.357854097651,-0.153
1974-07-15,329.67589138119,-0.127
1974-08-15,328.184944041674,-0.083
1974-09-15,328.24281917876704,-0.129
1974-10-15,329.403901374106,-0.22
1974-11-15,330.50330912097,-0.217
1974-12-15,331.185570429026,-0.242
1975-01-15,331.665993820041,-0.075
1975-02-15,332.013094553087,-0.09300000000000001
1975-03-15,332.293974063158,-0.077
1975-04-15,332.463491036772,-0.09
1975-05-15,332.273060183205,-0.086
1975-06-15,331.37242928168996,-0.086
1975-07-15,329.705867651759,-0.11
1975-08-15,328.236691982899,-0.18
1975-09-15,328.323746124959,-0.126
1975-10-15,329.520200237164,-0.23399999999999999
1975-11-15,330.66174999774,-0.319
1975-12-15,331.393125041971,-0.309
1976-01-15,331.925692931382,-0.233
1976-02-15,332.335997910137,-0.32899999999999996
1976-03-15,332.687044653859,-0.445
1976-04-15,332.933214626693,-0.195
1976-05-15,332.827430929967,-0.317
1976-06-15,332.018545891254,-0.25
1976-07-15,330.445715075967,-0.182
1976-08-15,329.071655863678,-0.20199999999999999
1976-09-15,329.259991922138,-0.162
1976-10-15,330.56225722847,-0.316
1976-11-15,331.813867670209,-0.18
1976-12-15,332.65799704935,-0.087
1977-01-15,333.315745341913,-0.07400000000000001
1977-02-15,333.835355682016,0.077
1977-03-15,334.289686796384,0.102
1977-04-15,334.631389911005,0.094
1977-05-15,334.609629876077,0.07200000000000001
1977-06-15,333.871955940696,0.11199999999999999
1977-07-15,332.360529007933,0.065
1977-08-15,331.036460913665,-0.001
1977-09-15,331.25627580822004,0.033
1977-10-15,332.571393508507,-0.005
1977-11-15,333.81744204883097,0.141
1977-12-15,334.639536303805,-0.051
1978-01-15,335.257310827006,0.017
1978-02-15,335.730807582065,-0.035
1978-03-15,336.13148308956403,0.027999999999999997
1978-04-15,336.414650032763,-0.061
1978-05-15,336.33163084476,-0.085
1978-06-15,335.53274236281004,-0.135
1978-07-15,333.963983502646,-0.066
1978-08-15,332.589158538654,-0.185
1978-09-15,332.766119007759,-0.054000000000000006
1978-10-15,334.048645338521,-0.11199999999999999
1978-11-15,335.272038553808,0.046
1978-12-15,336.080822629943,-0.098
1979-01-15,336.706399704406,-0.028999999999999998
1979-02-15,337.182288231827,-0.138
1979-03-15,337.592032753799,0.016
1979-04-15,337.891415509416,-0.05
1979-05-15,337.827916907264,-0.033
1979-06-15,337.053231487123,0.057999999999999996
1979-07-15,335.523895670103,0.054000000000000006
1979-08-15,334.204448388362,0.083
1979-09-15,334.441794949549,0.092
1979-10-15,335.791592027703,0.135
1979-11-15,337.084045957522,0.146
1979-12-15,337.960318669313,0.355
1980-01-15,338.65177244009,0.134
1980-02-15,339.186808541577,0.217
1980-03-15,339.649309896105,0.069
1980-04-15,339.99393162405397,0.14400000000000002
1980-05-15,339.962605862543,0.142
1980-06-15,339.206831258531,0.07
1980-07-15,337.692340844621,0.061
1980-08-15,336.38281827338403,0.038
1980-09-15,336.612335914735,0.039
1980-10-15,337.937325556218,0.011000000000000001
1980-11-15,339.185251934796,0.129
1980-12-15,339.998043011915,0.055
1981-01-15,340.607984232556,0.32899999999999996
1981-02-15,341.04946286578996,0.19699999999999998
1981-03-15,341.40759760709,0.20800000000000002
1981-04-15,341.639894922099,0.131
1981-05-15,341.487638546871,0.066
1981-06-15,340.605915623996,0.125
1981-07-15,338.97148270250597,0.08900000000000001
1981-08-15,337.551089965733,0.121
1981-09-15,337.67239490812597,0.07200000000000001
1981-10-15,338.89585954549,0.004
1981-11-15,340.04771678765303,0.07200000000000001
1981-12-15,340.770335450549,0.265
1982-01-15,341.29254528942903,-0.045
1982-02-15,341.661941376341,0.006
1982-03-15,341.96034143596,-0.129
1982-04-15,342.147072865098,0.028999999999999998
1982-05-15,341.963743977928,0.04
1982-06-15,341.067578024535,-0.055
1982-07-15,339.44064660209597,-0.016
1982-08-15,338.051612829913,-0.009000000000000001
1982-09-15,338.225993244323,0.075
1982-10-15,339.526425326099,0.006
1982-11-15,340.77625332207003,-0.009000000000000001
1982-12-15,341.613214508187,0.25
1983-01-15,342.272983432978,0.428
1983-02-15,342.77548047811297,0.313
1983-03-15,343.209739464721,0.213
1983-04-15,343.531848254381,0.12
1983-05-15,343.475343673013,0.13699999999999998
1983-06-15,342.69522718807997,0.134
1983-07-15,341.181613970756,0.152
1983-08-15,339.900224702705,0.2
1983-09-15,340.160542767432,0.188
1983-10-15,341.52385598741796,0.099
1983-11-15,342.80906620297003,0.256
1983-12-15,343.655441040638,0.08900000000000001
1984-01-15,344.218429534494,0.11800000000000001
1984-02-15,344.70172349897797,0.013000000000000001
1984-03-15,345.112578974179,0.049
1984-04-15,345.40555617094003,-0.046
1984-05-15,345.33485798301695,0.092
1984-06-15,344.549283571796,-0.015
1984-07-15,342.985596409055,-0.037000000000000005
1984-08-15,341.606624922134,0.040999999999999995
1984-09-15,341.779086831914,0.033
1984-10-15,343.054758301382,-0.022000000000000002
1984-11-15,344.27178206360804,-0.121
1984-12-15,345.07511631321603,-0.27399999999999997
1985-01-15,345.65318110975403,0.011000000000000001
1985-02-15,346.128544643189,-0.133
1985-03-15,346.540514544014,-0.026000000000000002
1985-04-15,346.840664329847,-0.04
1985-05-15,346.788851468538,-0.003
1985-06-15,346.02906832107595,-0.061
1985-07-15,344.474912726388,-0.06
1985-08-15,343.085695101394,0.026000000000000002
1985-09-15,343.248026744816,-0.032
1985-10-15,344.507623500053,0.018000000000000002
1985-11-15,345.709224174921,-0.07200000000000001
1985-12-15,346.50113851836403,0.013999999999999999
1986-01-15,347.145212698567,0.124
1986-02-15,347.606273719233,0.09
1986-03-15,347.99806571511,0.075
1986-04-15,348.276250165423,0.078
1986-05-15,348.189338176136,0.045
1986-06-15,347.388660996113,0.049
1986-07-15,345.827946035379,-0.002
1986-08-15,344.471540667697,0.002
1986-09-15,344.66927764709396,0.011000000000000001
1986-10-15,345.976469208602,0.066
1986-11-15,347.225778190405,-0.006999999999999999
1986-12-15,348.060564055562,0.01
1987-01-15,348.695843798758,0.11199999999999999
1987-02-15,349.20053348730596,0.302
1987-03-15,349.64166303563695,0.022000000000000002
1987-04-15,349.974280178201,0.095
1987-05-15,349.947477794826,0.14800000000000002
1987-06-15,349.211721577922,0.127
1987-07-15,347.717332162386,0.26899999999999996
1987-08-15,346.427969669515,0.237
1987-09-15,346.69601986789297,0.27399999999999997
1987-10-15,348.075754411415,0.204
1987-11-15,349.40006572023,0.19699999999999998
1987-12-15,350.31070676886003,0.322
1988-01-15,351.063666967838,0.38799999999999996
1988-02-15,351.632475994369,0.233
1988-03-15,352.126040798347,0.262
1988-04-15,352.499858625557,0.225
1988-05-15,352.490829273493,0.21100000000000002
1988-06-15,351.75253085106795,0.221
1988-07-15,350.265255967932,0.17300000000000001
1988-08-15,348.993891599572,0.17600000000000002
1988-09-15,349.257798383454,0.183
1988-10-15,350.616212455707,0.139
1988-11-15,351.890660229175,0.027000000000000003
1988-12-15,352.721974215565,0.146
1989-01-15,353.382700343901,0.012
1989-02-15,353.82657296052804,0.149
1989-03-15,354.18032190721397,0.136
1989-04-15,354.406452444525,0.081
1989-05-15,354.233747799825,0.079
1989-06-15,353.325979782949,0.07400000000000001
1989-07-15,351.705767248945,0.156
1989-08-15,350.345935138722,0.177
1989-09-15,350.53280580393204,0.142
1989-10-15,351.83802441303595,0.151
1989-11-15,353.073731675597,0.06
1989-12-15,353.875017258551,0.201
1990-01-15,354.55958802779196,0.217
1990-02-15,354.981372599383,0.307
1990-03-15,355.31452004177595,0.562
1990-04-15,355.52520225041803,0.366
1990-05-15,355.31755981204003,0.278
1990-06-15,354.36499394435504,0.27699999999999997
1990-07-15,352.759892898607,0.231
1990-08-15,351.48048887547003,0.25
1990-09-15,351.741818387167,0.17800000000000002
1990-10-15,353.12930253225,0.332
1990-11-15,354.430095406764,0.318
1990-12-15,355.27032592794296,0.248
1991-01-15,355.805296383184,0.28800000000000003
1991-02-15,356.24686718438403,0.298
1991-03-15,356.60520964921403,0.198
1991-04-15,356.84102260484,0.38299999999999995
1991-05-15,356.679681209244,0.303
1991-06-15,355.78348819089996,0.306
1991-07-15,354.17699538339895,0.307
1991-08-15,352.831319772484,0.258
1991-09-15,353.02673717984703,0.243
1991-10-15,354.33365828775396,0.191
1991-11-15,355.56111198969,0.16
1991-12-15,356.34383038202003,0.12
1992-01-15,356.956981143117,0.36700000000000005
1992-02-15,357.34910006807297,0.319
1992-03-15,357.65092147356796,0.258
1992-04-15,357.826875545015,0.13699999999999998
1992-05-15,357.59171446864997,0.17300000000000001
1992-06-15,356.61449577879995,0.13
1992-07-15,354.957020247661,-0.016
1992-08-15,353.595018809948,0.006999999999999999
1992-09-15,353.774493783311,-0.064
1992-10-15,355.074713166335,-0.048
1992-11-15,356.293723496549,-0.084
1992-12-15,357.062329108781,0.08199999999999999
1993-01-15,357.69109840863405,0.307
1993-02-15,358.05769869024397,0.253
1993-03-15,358.33017914531604,0.239
1993-04-15,358.47826928236,0.131
1993-05-15,358.19830535885495,0.17800000000000002
1993-06-15,357.169639367597,0.179
1993-07-15,355.514748543716,0.131
1993-08-15,354.21612130164704,0.09699999999999999
1993-09-15,354.462268558992,0.07
1993-10-15,355.846226398214,0.109
1993-11-15,357.147043781194,-0.036000000000000004
1993-12-15,357.98790751704496,0.129
1994-01-15,358.615234444645,0.182
1994-02-15,359.048370171122,-0.048
1994-03-15,359.391561025572,0.222
1994-04-15,359.61366063610603,0.21
1994-05-15,359.409344838867,0.268
1994-06-15,358.457254993843,0.262
1994-07-15,356.880824046041,0.17
1994-08-15,355.66171276780295,0.18600000000000003
1994-09-15,355.98547935208296,0.19
1994-10-15,357.444564161982,0.311
1994-11-15,358.81636083728404,0.314
1994-12-15,359.72317917739304,0.24600000000000002
1995-01-15,360.54545425051003,0.42100000000000004
1995-02-15,361.01365541163597,0.601
1995-03-15,361.369215468247,0.322
1995-04-15,361.589771087494,0.285
1995-05-15,361.33549759801696,0.218
1995-06-15,360.302936197425,0.312
1995-07-15,358.72537483839,0.331
1995-08-15,357.59591866561897,0.35700000000000004
1995-09-15,357.99430614889,0.263
1995-10-15,359.537217325747,0.336
1995-11-15,360.96656793933295,0.324
1995-12-15,361.89156246679,0.132
1996-01-15,362.468858503602,0.11599999999999999
1996-02-15,362.92411287111395,0.32299999999999995
1996-03-15,363.273165040477,0.18600000000000003
1996-04-15,363.487134417257,0.13
1996-05-15,363.252799435437,0.22399999999999998
1996-06-15,362.25320789950104,0.168
1996-07-15,360.637790666246,0.221
1996-08-15,359.391099179012,0.207
1996-09-15,359.67404818011704,0.10400000000000001
1996-10-15,361.08497310056,0.132
1996-11-15,362.393154826528,0.146
1996-12-15,363.219193396604,0.23199999999999998
1997-01-15,363.936473458322,0.21100000000000002
1997-02-15,364.30488363752,0.313
1997-03-15,364.559562834599,0.344
1997-04-15,364.68304160492005,0.266
1997-05-15,364.33482180485197,0.28600000000000003
1997-06-15,363.217511171442,0.41100000000000003
1997-07-15,361.582290632992,0.373
1997-08-15,360.427501537295,0.44
1997-09-15,360.823036752117,0.479
1997-10-15,362.392458318041,0.5579999999999999
1997-11-15,363.876869749119,0.501
1997-12-15,364.88509022353696,0.503
1998-01-15,365.605534630582,0.489
1998-02-15,366.183283846586,0.763
1998-03-15,366.666421916706,0.5489999999999999
1998-04-15,367.024534459323,0.65
1998-05-15,366.926586627904,0.5820000000000001
1998-06-15,366.057521383851,0.591
1998-07-15,364.603251430483,0.6729999999999999
1998-08-15,363.54779538532097,0.605
1998-09-15,364.00742946592993,0.4
1998-10-15,365.584768753636,0.40700000000000003
1998-11-15,367.030900056053,0.298
1998-12-15,367.957468280401,0.47200000000000003
1999-01-15,368.772140754742,0.34700000000000003
1999-02-15,369.16751019357696,0.583
1999-03-15,369.41600261672994,0.226
1999-04-15,369.50658542390096,0.324
1999-05-15,369.080111209585,0.245
1999-06-15,367.850908433126,0.273
1999-07-15,366.13517243503,0.28800000000000003
1999-08-15,364.939223852442,0.228
1999-09-15,365.272972705924,0.305
1999-10-15,366.77537617583505,0.253
1999-11-15,368.168325157881,0.24100000000000002
1999-12-15,369.055368459735,0.37
2000-01-15,369.785474278803,0.22399999999999998
2000-02-15,370.18066113059405,0.449
2000-03-15,370.46533257982804,0.382
2000-04-15,370.61716650963797,0.479
2000-05-15,370.30293062344003,0.27899999999999997
2000-06-15,369.217822121701,0.27
2000-07-15,367.579574108295,0.261
2000-08-15,366.380192990544,0.353
2000-09-15,366.71603098488504,0.312
2000-10-15,368.20069674463303,0.225
2000-11-15,369.58207082809304,0.16
2000-12-15,370.471807480414,0.157
2001-01-15,371.243618505782,0.35700000000000004
2001-02-15,371.655337844795,0.319
2001-03-15,371.944339732814,0.51
2001-04-15,372.095200337397,0.462
2001-05-15,371.745153649001,0.418
2001-06-15,370.60397415643797,0.419
2001-07-15,368.981734924533,0.46399999999999997
2001-08-15,367.880756102455,0.505
2001-09-15,368.30915484167195,0.431
2001-10-15,369.901774484051,0.42100000000000004
2001-11-15,371.37745822650004,0.613
2001-12-15,372.337378378137,0.38299999999999995
2002-01-15,373.026172704851,0.654
2002-02-15,373.491646168693,0.703
2002-03-15,373.84191006459196,0.701
2002-04-15,374.06016824919897,0.46
2002-05-15,373.791427197408,0.42700000000000005
2002-06-15,372.742162922011,0.47100000000000003
2002-07-15,371.199594475625,0.491
2002-08-15,370.162337339838,0.45299999999999996
2002-09-15,370.65818734628,0.424
2002-10-15,372.314132942732,0.41100000000000003
2002-11-15,373.853781218836,0.45
2002-12-15,374.87841077928704,0.325
2003-01-15,375.535822058524,0.6
2003-02-15,376.07085513481695,0.45899999999999996
2003-03-15,376.491907259029,0.45
2003-04-15,376.77154305919896,0.43700000000000006
2003-05-15,376.582006036132,0.473
2003-06-15,375.61115511149694,0.45399999999999996
2003-07-15,374.047182447105,0.475
2003-08-15,372.87797991764,0.5489999999999999
2003-09-15,373.227409972286,0.536
2003-10-15,374.705348931082,0.612
2003-11-15,376.070556717948,0.457
2003-12-15,376.94017376217397,0.589
2004-01-15,377.64601111586603,0.507
2004-02-15,378.03999765515294,0.613
2004-03-15,378.31577277056397,0.532
2004-04-15,378.455286587677,0.47700000000000004
2004-05-15,378.116440150502,0.311
2004-06-15,377.001475689136,0.322
2004-07-15,375.36337645842696,0.359
2004-08-15,374.19982493200797,0.39399999999999996
2004-09-15,374.57557058977096,0.43799999999999994
2004-10-15,376.110949909534,0.46399999999999997
2004-11-15,377.542420121428,0.604
2004-12-15,378.476904004796,0.355
2005-01-15,379.209120777322,0.5489999999999999
2005-02-15,379.66821539951303,0.396
2005-03-15,380.011774654507,0.565
2005-04-15,380.220826243951,0.611
2005-05-15,379.94233763965696,0.518
2005-06-15,378.87973729251996,0.552
2005-07-15,377.30846304186,0.547
2005-08-15,376.22603167363195,0.5379999999999999
2005-09-15,376.67162591110497,0.574
2005-10-15,378.27124742069606,0.614
2005-11-15,379.75322556842497,0.627
2005-12-15,380.72145411472394,0.462
2006-01-15,381.415319579108,0.38299999999999995
2006-02-15,381.885875166065,0.5710000000000001
2006-03-15,382.234868070196,0.461
2006-04-15,382.441484036704,0.40700000000000003
2006-05-15,382.159612022245,0.405
2006-06-15,381.088992680633,0.518
2006-07-15,379.48275987957,0.486
2006-08-15,378.336049612504,0.535
2006-09-15,378.70964306513997,0.503
2006-10-15,380.22653718165395,0.569
2006-11-15,381.624907680008,0.54
2006-12-15,382.51403454346496,0.691
2007-01-15,383.218834068972,0.828
2007-02-15,383.61253142873704,0.5670000000000001
2007-03-15,383.88364020587096,0.517
2007-04-15,384.017986938474,0.5870000000000001
2007-05-15,383.65753733996695,0.44799999999999995
2007-06-15,382.51258299362803,0.42
2007-07-15,380.88624433388804,0.439
2007-08-15,379.78143957592204,0.44
2007-09-15,380.216157737157,0.455
2007-10-15,381.822774495932,0.467
2007-11-15,383.31992939531403,0.391
2007-12-15,384.306637692534,0.341
2008-01-15,385.02205160057997,0.158
2008-02-15,385.514619629524,0.235
2008-03-15,385.886647242407,0.5589999999999999
2008-04-15,386.117332029804,0.327
2008-05-15,385.85144832472196,0.34
2008-06-15,384.790670931397,0.365
2008-07-15,383.20945595498,0.451
2008-08-15,382.10351238462096,0.43200000000000005
2008-09-15,382.50922994868995,0.40700000000000003
2008-10-15,384.051818590828,0.546
2008-11-15,385.46240866112,0.526
2008-12-15,386.349028234684,0.395
2009-01-15,387.085162397516,0.478
2009-02-15,387.447115897967,0.44299999999999995
2009-03-15,387.67375907852204,0.40399999999999997
2009-04-15,387.757257781782,0.511
2009-05-15,387.322994620408,0.441
2009-06-15,386.09242862055197,0.546
2009-07-15,384.428547518294,0.536
2009-08-15,383.342018240952,0.586
2009-09-15,383.79651939578696,0.5670000000000001
2009-10-15,385.440695945999,0.516
2009-11-15,386.976942307698,0.55
2009-12-15,387.99678672169,0.484
2010-01-15,388.68945973037,0.56
2010-02-15,389.215442489066,0.5920000000000001
2010-03-15,389.62774516643094,0.682
2010-04-15,389.90585417939496,0.6890000000000001
2010-05-15,389.690348464925,0.5920000000000001
2010-06-15,388.684136163831,0.585
2010-07-15,387.17243126850406,0.615
2010-08-15,386.15150731146497,0.539
2010-09-15,386.646171981652,0.44799999999999995
2010-10-15,388.28261491237197,0.49700000000000005
2010-11-15,389.783913446193,0.5920000000000001
2010-12-15,390.754726227595,0.33399999999999996
2011-01-15,391.550374540854,0.315
2011-02-15,391.983170104342,0.324
2011-03-15,392.27377720940694,0.42
2011-04-15,392.412684331156,0.491
2011-05-15,392.02498330015504,0.39299999999999996
2011-06-15,390.83016371905404,0.494
2011-07-15,389.186297223591,0.511
2011-08-15,388.10228811796304,0.491
2011-09-15,388.54380983282203,0.446
2011-10-15,390.15751200107695,0.45799999999999996
2011-11-15,391.64900649579005,0.353
2011-12-15,392.61410941969905,0.402
2012-01-15,393.368201762375,0.31
2012-02-15,393.81023090735704,0.301
2012-03-15,394.122077579969,0.36
2012-04-15,394.294354317385,0.574
2012-05-15,393.94099789114404,0.573
2012-06-15,392.783997683372,0.556
2012-07-15,391.207887730372,0.507
2012-08-15,390.222389906752,0.536
2012-09-15,390.763437420451,0.556
2012-10-15,392.481831761671,0.556
2012-11-15,394.071891378357,0.55
2012-12-15,395.12461425103,0.271
2013-01-15,395.80418748513296,0.47100000000000003
2013-02-15,396.33243237588,0.498
2013-03-15,396.737347279326,0.42100000000000004
2013-04-15,396.99984834333503,0.45
2013-05-15,396.761680723964,0.525
2013-06-15,395.72723779636397,0.501
2013-07-15,394.18378059940596,0.518
2013-08-15,393.12902859883906,0.541
2013-09-15,393.58851952301103,0.546
2013-10-15,395.189965447952,0.516
2013-11-15,396.656353619435,0.66
2013-12-15,397.589370336524,0.532
2014-01-15,398.41023332958395,0.534
2014-02-15,398.79064660544503,0.327
2014-03-15,399.020053252037,0.584
2014-04-15,399.094613174124,0.667
2014-05-15,398.62392817352304,0.608
2014-06-15,397.33761651327,0.625
2014-07-15,395.648835235684,0.544
2014-08-15,394.573461208627,0.677
2014-09-15,395.02681006906096,0.601
2014-10-15,396.668759675911,0.635
2014-11-15,398.189074185698,0.504
2014-12-15,399.17969175650705,0.655
