station,date,element,value,city
USW00094290,20160101,TMAX,100,SEATTLE
USW00094290,20160101,TMIN,-5,SEATTLE
USW00094290,20160101,PRCP,0,SEATTLE
USW00094290,20160101,SNOW,0,SEATTLE
USW00094290,20160101,SNWD,0,SEATTLE
USW00094290,20160102,TMAX,78,SEATTLE
USW00094290,20160102,TMIN,-10,SEATTLE
USW00094290,20160102,PRCP,0,SEATTLE
USW00094290,20160102,SNOW,0,SEATTLE
USW00094290,20160102,SNWD,0,SEATTLE
USW00094290,20160103,TMAX,50,SEATTLE
USW00094290,20160103,TMIN,-5,SEATTLE
USW00094290,20160103,PRCP,3,SEATTLE
USW00094290,20160103,SNOW,0,SEATTLE
USW00094290,20160103,SNWD,0,SEATTLE
USW00094290,20160104,TMAX,33,SEATTLE
USW00094290,20160104,TMIN,22,SEATTLE
USW00094290,20160104,PRCP,18,SEATTLE
USW00094290,20160104,SNOW,0,SEATTLE
USW00094290,20160104,SNWD,0,SEATTLE
USW00094290,20160104,WT01,1,SEATTLE
USW00094290,20160105,TMAX,61,SEATTLE
USW00094290,20160105,TMIN,33,SEATTLE
USW00094290,20160105,PRCP,23,SEATTLE
USW00094290,20160105,SNOW,0,SEATTLE
USW00094290,20160105,SNWD,0,SEATTLE
USW00094290,20160105,WT01,1,SEATTLE
USW00094290,20160106,TMAX,128,SEATTLE
USW00094290,20160106,TMIN,17,SEATTLE
USW00094290,20160106,PRCP,0,SEATTLE
USW00094290,20160106,SNOW,0,SEATTLE
USW00094290,20160106,SNWD,0,SEATTLE
USW00094290,20160107,TMAX,61,SEATTLE
USW00094290,20160107,TMIN,0,SEATTLE
USW00094290,20160107,PRCP,0,SEATTLE
USW00094290,20160107,SNOW,0,SEATTLE
USW00094290,20160107,SNWD,0,SEATTLE
USW00094290,20160107,WT01,1,SEATTLE
USW00094290,20160108,TMAX,94,SEATTLE
USW00094290,20160108,TMIN,17,SEATTLE
USW00094290,20160108,PRCP,0,SEATTLE
USW00094290,20160108,SNOW,0,SEATTLE
USW00094290,20160108,SNWD,0,SEATTLE
USW00094290,20160109,TMAX,67,SEATTLE
USW00094290,20160109,TMIN,-16,SEATTLE
USW00094290,20160109,PRCP,0,SEATTLE
USW00094290,20160109,SNOW,0,SEATTLE
USW00094290,20160109,SNWD,0,SEATTLE
USW00094290,20160110,TMAX,106,SEATTLE
USW00094290,20160110,TMIN,-5,SEATTLE
USW00094290,20160110,PRCP,0,SEATTLE
USW00094290,20160110,SNOW,0,SEATTLE
USW00094290,20160110,SNWD,0,SEATTLE
USW00094290,20160111,TMAX,67,SEATTLE
USW00094290,20160111,TMIN,-21,SEATTLE
USW00094290,20160111,PRCP,51,SEATTLE
USW00094290,20160111,SNOW,0,SEATTLE
USW00094290,20160111,SNWD,0,SEATTLE
USW00094290,20160111,WT01,1,SEATTLE
USW00094290,20160112,TMAX,89,SEATTLE
USW00094290,20160112,TMIN,50,SEATTLE
USW00094290,20160112,PRCP,145,SEATTLE
USW00094290,20160112,SNOW,0,SEATTLE
USW00094290,20160112,SNWD,0,SEATTLE
USW00094290,20160112,WT01,1,SEATTLE
USW00094290,20160113,TMAX,117,SEATTLE
USW00094290,20160113,TMIN,56,SEATTLE
USW00094290,20160113,PRCP,91,SEATTLE
USW00094290,20160113,SNOW,0,SEATTLE
USW00094290,20160113,SNWD,0,SEATTLE
USW00094290,20160114,TMAX,111,SEATTLE
USW00094290,20160114,TMIN,22,SEATTLE
USW00094290,20160114,PRCP,0,SEATTLE
USW00094290,20160114,SNOW,0,SEATTLE
USW00094290,20160114,SNWD,0,SEATTLE
USW00094290,20160115,TMAX,83,SEATTLE
USW00094290,20160115,TMIN,-5,SEATTLE
USW00094290,20160115,PRCP,18,SEATTLE
USW00094290,20160115,SNOW,0,SEATTLE
USW00094290,20160115,SNWD,0,SEATTLE
USW00094290,20160115,WT01,1,SEATTLE
USW00094290,20160116,TMAX,122,SEATTLE
USW00094290,20160116,TMIN,56,SEATTLE
USW00094290,20160116,PRCP,135,SEATTLE
USW00094290,20160116,SNOW,0,SEATTLE
USW00094290,20160116,SNWD,0,SEATTLE
USW00094290,20160116,WT01,1,SEATTLE
USW00094290,20160117,TMAX,100,SEATTLE
USW00094290,20160117,TMIN,67,SEATTLE
USW00094290,20160117,PRCP,91,SEATTLE
USW00094290,20160117,SNOW,0,SEATTLE
USW00094290,20160117,SNWD,0,SEATTLE
USW00094290,20160117,WT01,1,SEATTLE
USW00094290,20160118,TMAX,122,SEATTLE
USW00094290,20160118,TMIN,56,SEATTLE
USW00094290,20160118,PRCP,18,SEATTLE
USW00094290,20160118,SNOW,0,SEATTLE
USW00094290,20160118,SNWD,0,SEATTLE
USW00094290,20160119,TMAX,78,SEATTLE
USW00094290,20160119,TMIN,56,SEATTLE
USW00094290,20160119,PRCP,91,SEATTLE
USW00094290,20160119,SNOW,0,SEATTLE
USW00094290,20160119,SNWD,0,SEATTLE
USW00094290,20160120,TMAX,106,SEATTLE
USW00094290,20160120,TMIN,44,SEATTLE
USW00094290,20160120,PRCP,36,SEATTLE
USW00094290,20160120,SNOW,0,SEATTLE
USW00094290,20160120,SNWD,0,SEATTLE
USW00094290,20160121,TMAX,94,SEATTLE
USW00094290,20160121,TMIN,67,SEATTLE
USW00094290,20160121,PRCP,422,SEATTLE
USW00094290,20160121,SNOW,0,SEATTLE
USW00094290,20160121,SNWD,0,SEATTLE
USW00094290,20160121,WT01,1,SEATTLE
USW00094290,20160122,TMAX,133,SEATTLE
USW00094290,20160122,TMIN,67,SEATTLE
USW00094290,20160122,PRCP,76,SEATTLE
USW00094290,20160122,SNOW,0,SEATTLE
USW00094290,20160122,SNWD,0,SEATTLE
USW00094290,20160122,WT01,1,SEATTLE
USW00094290,20160123,TMAX,78,SEATTLE
USW00094290,20160123,TMIN,50,SEATTLE
USW00094290,20160123,PRCP,140,SEATTLE
USW00094290,20160123,SNOW,0,SEATTLE
USW00094290,20160123,SNWD,0,SEATTLE
USW00094290,20160123,WT01,1,SEATTLE
USW00094290,20160124,TMAX,106,SEATTLE
USW00094290,20160124,TMIN,28,SEATTLE
USW00094290,20160124,PRCP,13,SEATTLE
USW00094290,20160124,SNOW,0,SEATTLE
USW00094290,20160124,SNWD,0,SEATTLE
USW00094290,20160125,TMAX,122,SEATTLE
USW00094290,20160125,TMIN,17,SEATTLE
USW00094290,20160125,PRCP,0,SEATTLE
USW00094290,20160125,SNOW,0,SEATTLE
USW00094290,20160125,SNWD,0,SEATTLE
USW00094290,20160126,TMAX,117,SEATTLE
USW00094290,20160126,TMIN,72,SEATTLE
USW00094290,20160126,PRCP,69,SEATTLE
USW00094290,20160126,SNOW,0,SEATTLE
USW00094290,20160126,SNWD,0,SEATTLE
USW00094290,20160127,TMAX,122,SEATTLE
USW00094290,20160127,TMIN,83,SEATTLE
USW00094290,20160127,PRCP,198,SEATTLE
USW00094290,20160127,SNOW,0,SEATTLE
USW00094290,20160127,SNWD,0,SEATTLE
USW00094290,20160128,TMAX,122,SEATTLE
USW00094290,20160128,TMIN,67,SEATTLE
USW00094290,20160128,PRCP,147,SEATTLE
USW00094290,20160128,SNOW,0,SEATTLE
USW00094290,20160128,SNWD,0,SEATTLE
USW00094290,20160129,TMAX,106,SEATTLE
USW00094290,20160129,TMIN,61,SEATTLE
USW00094290,20160129,PRCP,43,SEATTLE
USW00094290,20160129,SNOW,0,SEATTLE
USW00094290,20160129,SNWD,0,SEATTLE
USW00094290,20160129,WT01,1,SEATTLE
USW00094290,20160130,TMAX,83,SEATTLE
USW00094290,20160130,TMIN,44,SEATTLE
USW00094290,20160130,PRCP,0,SEATTLE
USW00094290,20160130,SNOW,0,SEATTLE
USW00094290,20160130,SNWD,0,SEATTLE
USW00094290,20160131,TMAX,72,SEATTLE
USW00094290,20160131,TMIN,39,SEATTLE
USW00094290,20160131,PRCP,0,SEATTLE
USW00094290,20160131,SNOW,0,SEATTLE
USW00094290,20160131,SNWD,0,SEATTLE
USW00094290,20160201,TMAX,78,SEATTLE
USW00094290,20160201,TMIN,33,SEATTLE
USW00094290,20160201,PRCP,13,SEATTLE
USW00094290,20160201,SNOW,0,SEATTLE
USW00094290,20160201,SNWD,0,SEATTLE
USW00094290,20160202,TMAX,106,SEATTLE
USW00094290,20160202,TMIN,33,SEATTLE
USW00094290,20160202,PRCP,5,SEATTLE
USW00094290,20160202,SNOW,0,SEATTLE
USW00094290,20160202,SNWD,0,SEATTLE
USW00094290,20160203,TMAX,89,SEATTLE
USW00094290,20160203,TMIN,50,SEATTLE
USW00094290,20160203,PRCP,94,SEATTLE
USW00094290,20160203,SNOW,0,SEATTLE
USW00094290,20160203,SNWD,0,SEATTLE
USW00094290,20160204,TMAX,89,SEATTLE
USW00094290,20160204,TMIN,61,SEATTLE
USW00094290,20160204,PRCP,23,SEATTLE
USW00094290,20160204,SNOW,0,SEATTLE
USW00094290,20160204,SNWD,0,SEATTLE
USW00094290,20160205,TMAX,117,SEATTLE
USW00094290,20160205,TMIN,44,SEATTLE
USW00094290,20160205,PRCP,30,SEATTLE
USW00094290,20160205,SNOW,0,SEATTLE
USW00094290,20160205,SNWD,0,SEATTLE
USW00094290,20160206,TMAX,94,SEATTLE
USW00094290,20160206,TMIN,39,SEATTLE
USW00094290,20160206,PRCP,0,SEATTLE
USW00094290,20160206,SNOW,0,SEATTLE
USW00094290,20160206,SNWD,0,SEATTLE
USW00094290,20160207,TMAX,111,SEATTLE
USW00094290,20160207,TMIN,28,SEATTLE
USW00094290,20160207,PRCP,0,SEATTLE
USW00094290,20160207,SNOW,0,SEATTLE
USW00094290,20160207,SNWD,0,SEATTLE
USW00094290,20160208,TMAX,156,SEATTLE
USW00094290,20160208,TMIN,39,SEATTLE
USW00094290,20160208,PRCP,0,SEATTLE
USW00094290,20160208,SNOW,0,SEATTLE
USW00094290,20160208,SNWD,0,SEATTLE
USW00094290,20160209,TMAX,133,SEATTLE
USW00094290,20160209,TMIN,28,SEATTLE
USW00094290,20160209,PRCP,0,SEATTLE
USW00094290,20160209,SNOW,0,SEATTLE
USW00094290,20160209,SNWD,0,SEATTLE
USW00094290,20160209,WT01,1,SEATTLE
USW00094290,20160209,WT02,1,SEATTLE
USW00094290,20160210,TMAX,122,SEATTLE
USW00094290,20160210,TMIN,44,SEATTLE
USW00094290,20160210,PRCP,38,SEATTLE
USW00094290,20160210,SNOW,0,SEATTLE
USW00094290,20160210,SNWD,0,SEATTLE
USW00094290,20160211,TMAX,122,SEATTLE
USW00094290,20160211,TMIN,61,SEATTLE
USW00094290,20160211,PRCP,71,SEATTLE
USW00094290,20160211,SNOW,0,SEATTLE
USW00094290,20160211,SNWD,0,SEATTLE
USW00094290,20160212,TMAX,139,SEATTLE
USW00094290,20160212,TMIN,89,SEATTLE
USW00094290,20160212,PRCP,213,SEATTLE
USW00094290,20160212,SNOW,0,SEATTLE
USW00094290,20160212,SNWD,0,SEATTLE
USW00094290,20160212,WT01,1,SEATTLE
USW00094290,20160213,TMAX,100,SEATTLE
USW00094290,20160213,TMIN,67,SEATTLE
USW00094290,20160213,PRCP,43,SEATTLE
USW00094290,20160213,SNOW,0,SEATTLE
USW00094290,20160213,SNWD,0,SEATTLE
USW00094290,20160214,TMAX,117,SEATTLE
USW00094290,20160214,TMIN,83,SEATTLE
USW00094290,20160214,PRCP,25,SEATTLE
USW00094290,20160214,SNOW,0,SEATTLE
USW00094290,20160214,SNWD,0,SEATTLE
USW00094290,20160214,WT01,1,SEATTLE
USW00094290,20160215,TMAX,117,SEATTLE
USW00094290,20160215,TMIN,94,SEATTLE
USW00094290,20160215,PRCP,56,SEATTLE
USW00094290,20160215,SNOW,0,SEATTLE
USW00094290,20160215,SNWD,0,SEATTLE
USW00094290,20160215,WT01,1,SEATTLE
USW00094290,20160216,TMAX,133,SEATTLE
USW00094290,20160216,TMIN,89,SEATTLE
USW00094290,20160216,PRCP,23,SEATTLE
USW00094290,20160216,SNOW,0,SEATTLE
USW00094290,20160216,SNWD,0,SEATTLE
USW00094290,20160216,WT01,1,SEATTLE
USW00094290,20160217,TMAX,167,SEATTLE
USW00094290,20160217,TMIN,78,SEATTLE
USW00094290,20160217,PRCP,99,SEATTLE
USW00094290,20160217,SNOW,0,SEATTLE
USW00094290,20160217,SNWD,0,SEATTLE
USW00094290,20160218,TMAX,122,SEATTLE
USW00094290,20160218,TMIN,67,SEATTLE
USW00094290,20160218,PRCP,20,SEATTLE
USW00094290,20160218,SNOW,0,SEATTLE
USW00094290,20160218,SNWD,0,SEATTLE
USW00094290,20160219,TMAX,100,SEATTLE
USW00094290,20160219,TMIN,56,SEATTLE
USW00094290,20160219,PRCP,81,SEATTLE
USW00094290,20160219,SNOW,0,SEATTLE
USW00094290,20160219,SNWD,0,SEATTLE
USW00094290,20160219,WT01,1,SEATTLE
USW00094290,20160220,TMAX,111,SEATTLE
USW00094290,20160220,TMIN,39,SEATTLE
USW00094290,20160220,PRCP,3,SEATTLE
USW00094290,20160220,SNOW,0,SEATTLE
USW00094290,20160220,SNWD,0,SEATTLE
USW00094290,20160221,TMAX,100,SEATTLE
USW00094290,20160221,TMIN,11,SEATTLE
USW00094290,20160221,PRCP,18,SEATTLE
USW00094290,20160221,SNOW,0,SEATTLE
USW00094290,20160221,SNWD,0,SEATTLE
USW00094290,20160221,WT01,1,SEATTLE
USW00094290,20160222,TMAX,111,SEATTLE
USW00094290,20160222,TMIN,33,SEATTLE
USW00094290,20160222,PRCP,0,SEATTLE
USW00094290,20160222,SNOW,0,SEATTLE
USW00094290,20160222,SNWD,0,SEATTLE
USW00094290,20160223,TMAX,150,SEATTLE
USW00094290,20160223,TMIN,17,SEATTLE
USW00094290,20160223,PRCP,0,SEATTLE
USW00094290,20160223,SNOW,0,SEATTLE
USW00094290,20160223,SNWD,0,SEATTLE
USW00094290,20160224,TMAX,144,SEATTLE
USW00094290,20160224,TMIN,56,SEATTLE
USW00094290,20160224,PRCP,0,SEATTLE
USW00094290,20160224,SNOW,0,SEATTLE
USW00094290,20160224,SNWD,0,SEATTLE
USW00094290,20160225,TMAX,178,SEATTLE
USW00094290,20160225,TMIN,33,SEATTLE
USW00094290,20160225,PRCP,0,SEATTLE
USW00094290,20160225,SNOW,0,SEATTLE
USW00094290,20160225,SNWD,0,SEATTLE
USW00094290,20160226,TMAX,156,SEATTLE
USW00094290,20160226,TMIN,56,SEATTLE
USW00094290,20160226,PRCP,58,SEATTLE
USW00094290,20160226,SNOW,0,SEATTLE
USW00094290,20160226,SNWD,0,SEATTLE
USW00094290,20160226,WT01,1,SEATTLE
USW00094290,20160227,TMAX,133,SEATTLE
USW00094290,20160227,TMIN,61,SEATTLE
USW00094290,20160227,PRCP,30,SEATTLE
USW00094290,20160227,SNOW,0,SEATTLE
USW00094290,20160227,SNWD,0,SEATTLE
USW00094290,20160227,WT01,1,SEATTLE
USW00094290,20160228,TMAX,117,SEATTLE
USW00094290,20160229,TMAX,128,SEATTLE
USW00094290,20160228,TMIN,61,SEATTLE
USW00094290,20160229,TMIN,61,SEATTLE
USW00094290,20160228,PRCP,64,SEATTLE
USW00094290,20160229,PRCP,25,SEATTLE
USW00094290,20160228,SNOW,0,SEATTLE
USW00094290,20160229,SNOW,0,SEATTLE
USW00094290,20160228,SNWD,0,SEATTLE
USW00094290,20160229,SNWD,0,SEATTLE
USW00094290,20160301,TMAX,122,SEATTLE
USW00094290,20160301,TMIN,61,SEATTLE
USW00094290,20160301,PRCP,160,SEATTLE
USW00094290,20160301,SNOW,0,SEATTLE
USW00094290,20160301,SNWD,0,SEATTLE
USW00094290,20160301,WT01,1,SEATTLE
USW00094290,20160302,TMAX,128,SEATTLE
USW00094290,20160302,TMIN,72,SEATTLE
USW00094290,20160302,PRCP,61,SEATTLE
USW00094290,20160302,SNOW,0,SEATTLE
USW00094290,20160302,SNWD,0,SEATTLE
USW00094290,20160303,TMAX,144,SEATTLE
USW00094290,20160303,TMIN,72,SEATTLE
USW00094290,20160303,PRCP,41,SEATTLE
USW00094290,20160303,SNOW,0,SEATTLE
USW00094290,20160303,SNWD,0,SEATTLE
USW00094290,20160304,TMAX,144,SEATTLE
USW00094290,20160304,TMIN,33,SEATTLE
USW00094290,20160304,PRCP,41,SEATTLE
USW00094290,20160304,SNOW,0,SEATTLE
USW00094290,20160304,SNWD,0,SEATTLE
USW00094290,20160305,TMAX,183,SEATTLE
USW00094290,20160305,TMIN,83,SEATTLE
USW00094290,20160305,PRCP,51,SEATTLE
USW00094290,20160305,SNOW,0,SEATTLE
USW00094290,20160305,SNWD,0,SEATTLE
USW00094290,20160306,TMAX,150,SEATTLE
USW00094290,20160306,TMIN,61,SEATTLE
USW00094290,20160306,PRCP,122,SEATTLE
USW00094290,20160306,SNOW,0,SEATTLE
USW00094290,20160306,SNWD,0,SEATTLE
USW00094290,20160307,TMAX,111,SEATTLE
USW00094290,20160307,TMIN,56,SEATTLE
USW00094290,20160307,PRCP,86,SEATTLE
USW00094290,20160307,SNOW,0,SEATTLE
USW00094290,20160307,SNWD,0,SEATTLE
USW00094290,20160308,TMAX,128,SEATTLE
USW00094290,20160308,TMIN,44,SEATTLE
USW00094290,20160308,PRCP,8,SEATTLE
USW00094290,20160308,SNOW,0,SEATTLE
USW00094290,20160308,SNWD,0,SEATTLE
USW00094290,20160309,TMAX,117,SEATTLE
USW00094290,20160309,TMIN,56,SEATTLE
USW00094290,20160309,PRCP,221,SEATTLE
USW00094290,20160309,SNOW,0,SEATTLE
USW00094290,20160309,SNWD,0,SEATTLE
USW00094290,20160310,TMAX,128,SEATTLE
USW00094290,20160310,TMIN,56,SEATTLE
USW00094290,20160310,PRCP,23,SEATTLE
USW00094290,20160310,SNOW,0,SEATTLE
USW00094290,20160310,SNWD,0,SEATTLE
USW00094290,20160311,TMAX,167,SEATTLE
USW00094290,20160311,TMIN,33,SEATTLE
USW00094290,20160311,PRCP,91,SEATTLE
USW00094290,20160311,SNOW,0,SEATTLE
USW00094290,20160311,SNWD,0,SEATTLE
USW00094290,20160312,TMAX,117,SEATTLE
USW00094290,20160312,TMIN,61,SEATTLE
USW00094290,20160312,PRCP,30,SEATTLE
USW00094290,20160312,SNOW,0,SEATTLE
USW00094290,20160312,SNWD,0,SEATTLE
USW00094290,20160313,TMAX,117,SEATTLE
USW00094290,20160313,TMIN,50,SEATTLE
USW00094290,20160313,PRCP,99,SEATTLE
USW00094290,20160313,SNOW,0,SEATTLE
USW00094290,20160313,SNWD,0,SEATTLE
USW00094290,20160314,TMAX,106,SEATTLE
USW00094290,20160314,TMIN,56,SEATTLE
USW00094290,20160314,PRCP,18,SEATTLE
USW00094290,20160314,SNOW,0,SEATTLE
USW00094290,20160314,SNWD,0,SEATTLE
USW00094290,20160315,TMAX,111,SEATTLE
USW00094290,20160315,TMIN,50,SEATTLE
USW00094290,20160315,PRCP,3,SEATTLE
USW00094290,20160315,SNOW,0,SEATTLE
USW00094290,20160315,SNWD,0,SEATTLE
USW00094290,20160316,TMAX,117,SEATTLE
USW00094290,20160316,TMIN,33,SEATTLE
USW00094290,20160316,PRCP,5,SEATTLE
USW00094290,20160316,SNOW,0,SEATTLE
USW00094290,20160316,SNWD,0,SEATTLE
USW00094290,20160317,TMAX,139,SEATTLE
USW00094290,20160317,TMIN,17,SEATTLE
USW00094290,20160317,PRCP,0,SEATTLE
USW00094290,20160317,SNOW,0,SEATTLE
USW00094290,20160317,SNWD,0,SEATTLE
USW00094290,20160318,TMAX,167,SEATTLE
USW00094290,20160318,TMIN,28,SEATTLE
USW00094290,20160318,PRCP,0,SEATTLE
USW00094290,20160318,SNOW,0,SEATTLE
USW00094290,20160318,SNWD,0,SEATTLE
USW00094290,20160319,TMAX,167,SEATTLE
USW00094290,20160319,TMIN,72,SEATTLE
USW00094290,20160319,PRCP,0,SEATTLE
USW00094290,20160319,SNOW,0,SEATTLE
USW00094290,20160319,SNWD,0,SEATTLE
USW00094290,20160320,TMAX,122,SEATTLE
USW00094290,20160320,TMIN,78,SEATTLE
USW00094290,20160320,PRCP,20,SEATTLE
USW00094290,20160320,SNOW,0,SEATTLE
USW00094290,20160320,SNWD,0,SEATTLE
USW00094290,20160320,WT01,1,SEATTLE
USW00094290,20160321,TMAX,128,SEATTLE
USW00094290,20160321,TMIN,72,SEATTLE
USW00094290,20160321,PRCP,56,SEATTLE
USW00094290,20160321,SNOW,0,SEATTLE
USW00094290,20160321,SNWD,0,SEATTLE
USW00094290,20160321,WT01,1,SEATTLE
USW00094290,20160322,TMAX,144,SEATTLE
USW00094290,20160322,TMIN,78,SEATTLE
USW00094290,20160322,PRCP,0,SEATTLE
USW00094290,20160322,SNOW,0,SEATTLE
USW00094290,20160322,SNWD,0,SEATTLE
USW00094290,20160323,TMAX,117,SEATTLE
USW00094290,20160323,TMIN,78,SEATTLE
USW00094290,20160323,PRCP,36,SEATTLE
USW00094290,20160323,SNOW,0,SEATTLE
USW00094290,20160323,SNWD,0,SEATTLE
USW00094290,20160324,TMAX,133,SEATTLE
USW00094290,20160324,TMIN,61,SEATTLE
USW00094290,20160324,PRCP,0,SEATTLE
USW00094290,20160324,SNOW,0,SEATTLE
USW00094290,20160324,SNWD,0,SEATTLE
USW00094290,20160325,TMAX,128,SEATTLE
USW00094290,20160325,TMIN,50,SEATTLE
USW00094290,20160325,PRCP,0,SEATTLE
USW00094290,20160325,SNOW,0,SEATTLE
USW00094290,20160325,SNWD,0,SEATTLE
USW00094290,20160326,TMAX,156,SEATTLE
USW00094290,20160326,TMIN,44,SEATTLE
USW00094290,20160326,PRCP,28,SEATTLE
USW00094290,20160326,SNOW,0,SEATTLE
USW00094290,20160326,SNWD,0,SEATTLE
USW00094290,20160326,WT01,1,SEATTLE
USW00094290,20160327,TMAX,106,SEATTLE
USW00094290,20160327,TMIN,44,SEATTLE
USW00094290,20160327,PRCP,124,SEATTLE
USW00094290,20160327,SNOW,0,SEATTLE
USW00094290,20160327,SNWD,0,SEATTLE
USW00094290,20160327,WT01,1,SEATTLE
USW00094290,20160328,TMAX,128,SEATTLE
USW00094290,20160328,TMIN,33,SEATTLE
USW00094290,20160328,PRCP,3,SEATTLE
USW00094290,20160328,SNOW,0,SEATTLE
USW00094290,20160328,SNWD,0,SEATTLE
USW00094290,20160329,TMAX,156,SEATTLE
USW00094290,20160329,TMIN,28,SEATTLE
USW00094290,20160329,PRCP,0,SEATTLE
USW00094290,20160329,SNOW,0,SEATTLE
USW00094290,20160329,SNWD,0,SEATTLE
USW00094290,20160329,WT01,1,SEATTLE
USW00094290,20160330,TMAX,211,SEATTLE
USW00094290,20160330,TMIN,44,SEATTLE
USW00094290,20160330,PRCP,0,SEATTLE
USW00094290,20160330,SNOW,0,SEATTLE
USW00094290,20160330,SNWD,0,SEATTLE
USW00094290,20160331,TMAX,217,SEATTLE
USW00094290,20160331,TMIN,67,SEATTLE
USW00094290,20160331,PRCP,0,SEATTLE
USW00094290,20160331,SNOW,0,SEATTLE
USW00094290,20160331,SNWD,0,SEATTLE
USW00094290,20160401,TMAX,217,SEATTLE
USW00094290,20160401,TMIN,78,SEATTLE
USW00094290,20160401,PRCP,0,SEATTLE
USW00094290,20160401,SNOW,0,SEATTLE
USW00094290,20160401,SNWD,0,SEATTLE
USW00094290,20160402,TMAX,167,SEATTLE
USW00094290,20160402,TMIN,72,SEATTLE
USW00094290,20160402,PRCP,0,SEATTLE
USW00094290,20160402,SNOW,0,SEATTLE
USW00094290,20160402,SNWD,0,SEATTLE
USW00094290,20160403,TMAX,211,SEATTLE
USW00094290,20160403,TMIN,61,SEATTLE
USW00094290,20160403,PRCP,43,SEATTLE
USW00094290,20160403,SNOW,0,SEATTLE
USW00094290,20160403,SNWD,0,SEATTLE
USW00094290,20160404,TMAX,144,SEATTLE
USW00094290,20160404,TMIN,83,SEATTLE
USW00094290,20160404,PRCP,36,SEATTLE
USW00094290,20160404,SNOW,0,SEATTLE
USW00094290,20160404,SNWD,0,SEATTLE
USW00094290,20160404,WT05,1,SEATTLE
USW00094290,20160405,TMAX,133,SEATTLE
USW00094290,20160405,TMIN,78,SEATTLE
USW00094290,20160405,PRCP,0,SEATTLE
USW00094290,20160405,SNOW,0,SEATTLE
USW00094290,20160405,SNWD,0,SEATTLE
USW00094290,20160406,TMAX,206,SEATTLE
USW00094290,20160406,TMIN,50,SEATTLE
USW00094290,20160406,PRCP,0,SEATTLE
USW00094290,20160406,SNOW,0,SEATTLE
USW00094290,20160406,SNWD,0,SEATTLE
USW00094290,20160407,TMAX,256,SEATTLE
USW00094290,20160407,TMIN,100,SEATTLE
USW00094290,20160407,PRCP,0,SEATTLE
USW00094290,20160407,SNOW,0,SEATTLE
USW00094290,20160407,SNWD,0,SEATTLE
USW00094290,20160408,TMAX,228,SEATTLE
USW00094290,20160408,TMIN,89,SEATTLE
USW00094290,20160408,PRCP,0,SEATTLE
USW00094290,20160408,SNOW,0,SEATTLE
USW00094290,20160408,SNWD,0,SEATTLE
USW00094290,20160409,TMAX,189,SEATTLE
USW00094290,20160409,TMIN,61,SEATTLE
USW00094290,20160409,PRCP,0,SEATTLE
USW00094290,20160409,SNOW,0,SEATTLE
USW00094290,20160409,SNWD,0,SEATTLE
USW00094290,20160410,TMAX,161,SEATTLE
USW00094290,20160410,TMIN,83,SEATTLE
USW00094290,20160410,PRCP,0,SEATTLE
USW00094290,20160410,SNOW,0,SEATTLE
USW00094290,20160410,SNWD,0,SEATTLE
USW00094290,20160411,TMAX,161,SEATTLE
USW00094290,20160411,TMIN,94,SEATTLE
USW00094290,20160411,PRCP,0,SEATTLE
USW00094290,20160411,SNOW,0,SEATTLE
USW00094290,20160411,SNWD,0,SEATTLE
USW00094290,20160412,TMAX,150,SEATTLE
USW00094290,20160412,TMIN,78,SEATTLE
USW00094290,20160412,PRCP,76,SEATTLE
USW00094290,20160412,SNOW,0,SEATTLE
USW00094290,20160412,SNWD,0,SEATTLE
USW00094290,20160412,WT01,1,SEATTLE
USW00094290,20160413,TMAX,144,SEATTLE
USW00094290,20160413,TMIN,78,SEATTLE
USW00094290,20160413,PRCP,5,SEATTLE
USW00094290,20160413,SNOW,0,SEATTLE
USW00094290,20160413,SNWD,0,SEATTLE
USW00094290,20160414,TMAX,150,SEATTLE
USW00094290,20160414,TMIN,67,SEATTLE
USW00094290,20160414,PRCP,25,SEATTLE
USW00094290,20160414,SNOW,0,SEATTLE
USW00094290,20160414,SNWD,0,SEATTLE
USW00094290,20160415,TMAX,150,SEATTLE
USW00094290,20160415,TMIN,72,SEATTLE
USW00094290,20160415,PRCP,0,SEATTLE
USW00094290,20160415,SNOW,0,SEATTLE
USW00094290,20160415,SNWD,0,SEATTLE
USW00094290,20160416,TMAX,194,SEATTLE
USW00094290,20160416,TMIN,44,SEATTLE
USW00094290,20160416,PRCP,0,SEATTLE
USW00094290,20160416,SNOW,0,SEATTLE
USW00094290,20160416,SNWD,0,SEATTLE
USW00094290,20160417,TMAX,244,SEATTLE
USW00094290,20160417,TMIN,89,SEATTLE
USW00094290,20160417,PRCP,0,SEATTLE
USW00094290,20160417,SNOW,0,SEATTLE
USW00094290,20160417,SNWD,0,SEATTLE
USW00094290,20160418,TMAX,317,SEATTLE
USW00094290,20160418,TMIN,94,SEATTLE
USW00094290,20160418,PRCP,0,SEATTLE
USW00094290,20160418,SNOW,0,SEATTLE
USW00094290,20160418,SNWD,0,SEATTLE
USW00094290,20160419,TMAX,272,SEATTLE
USW00094290,20160419,TMIN,100,SEATTLE
USW00094290,20160419,PRCP,0,SEATTLE
USW00094290,20160419,SNOW,0,SEATTLE
USW00094290,20160419,SNWD,0,SEATTLE
USW00094290,20160420,TMAX,267,SEATTLE
USW00094290,20160420,TMIN,111,SEATTLE
USW00094290,20160420,PRCP,0,SEATTLE
USW00094290,20160420,SNOW,0,SEATTLE
USW00094290,20160420,SNWD,0,SEATTLE
USW00094290,20160421,TMAX,222,SEATTLE
USW00094290,20160421,TMIN,117,SEATTLE
USW00094290,20160421,PRCP,5,SEATTLE
USW00094290,20160421,SNOW,0,SEATTLE
USW00094290,20160421,SNWD,0,SEATTLE
USW00094290,20160422,TMAX,161,SEATTLE
USW00094290,20160422,TMIN,122,SEATTLE
USW00094290,20160422,PRCP,8,SEATTLE
USW00094290,20160422,SNOW,0,SEATTLE
USW00094290,20160422,SNWD,0,SEATTLE
USW00094290,20160423,TMAX,183,SEATTLE
USW00094290,20160423,TMIN,111,SEATTLE
USW00094290,20160423,PRCP,3,SEATTLE
USW00094290,20160423,SNOW,0,SEATTLE
USW00094290,20160423,SNWD,0,SEATTLE
USW00094290,20160424,TMAX,122,SEATTLE
USW00094290,20160424,TMIN,78,SEATTLE
USW00094290,20160424,PRCP,137,SEATTLE
USW00094290,20160424,SNOW,0,SEATTLE
USW00094290,20160424,SNWD,0,SEATTLE
USW00094290,20160425,TMAX,150,SEATTLE
USW00094290,20160425,TMIN,61,SEATTLE
USW00094290,20160425,PRCP,25,SEATTLE
USW00094290,20160425,SNOW,0,SEATTLE
USW00094290,20160425,SNWD,0,SEATTLE
USW00094290,20160426,TMAX,161,SEATTLE
USW00094290,20160426,TMIN,50,SEATTLE
USW00094290,20160426,PRCP,0,SEATTLE
USW00094290,20160426,SNOW,0,SEATTLE
USW00094290,20160426,SNWD,0,SEATTLE
USW00094290,20160427,TMAX,156,SEATTLE
USW00094290,20160427,TMIN,83,SEATTLE
USW00094290,20160427,PRCP,0,SEATTLE
USW00094290,20160427,SNOW,0,SEATTLE
USW00094290,20160427,SNWD,0,SEATTLE
USW00094290,20160428,TMAX,178,SEATTLE
USW00094290,20160428,TMIN,100,SEATTLE
USW00094290,20160428,PRCP,0,SEATTLE
USW00094290,20160428,SNOW,0,SEATTLE
USW00094290,20160428,SNWD,0,SEATTLE
USW00094290,20160429,TMAX,156,SEATTLE
USW00094290,20160429,TMIN,83,SEATTLE
USW00094290,20160429,PRCP,36,SEATTLE
USW00094290,20160429,SNOW,0,SEATTLE
USW00094290,20160429,SNWD,0,SEATTLE
USW00094290,20160429,WT01,1,SEATTLE
USW00094290,20160430,TMAX,189,SEATTLE
USW00094290,20160430,TMIN,61,SEATTLE
USW00094290,20160430,PRCP,0,SEATTLE
USW00094290,20160430,SNOW,0,SEATTLE
USW00094290,20160430,SNWD,0,SEATTLE
USW00094290,20160501,TMAX,239,SEATTLE
USW00094290,20160501,TMIN,78,SEATTLE
USW00094290,20160501,PRCP,0,SEATTLE
USW00094290,20160501,SNOW,0,SEATTLE
USW00094290,20160501,SNWD,0,SEATTLE
USW00094290,20160502,TMAX,311,SEATTLE
USW00094290,20160502,TMIN,111,SEATTLE
USW00094290,20160502,PRCP,0,SEATTLE
USW00094290,20160502,SNOW,0,SEATTLE
USW00094290,20160502,SNWD,0,SEATTLE
USW00094290,20160503,TMAX,233,SEATTLE
USW00094290,20160503,TMIN,128,SEATTLE
USW00094290,20160503,PRCP,0,SEATTLE
USW00094290,20160503,SNOW,0,SEATTLE
USW00094290,20160503,SNWD,0,SEATTLE
USW00094290,20160504,TMAX,144,SEATTLE
USW00094290,20160504,TMIN,106,SEATTLE
USW00094290,20160504,PRCP,3,SEATTLE
USW00094290,20160504,SNOW,0,SEATTLE
USW00094290,20160504,SNWD,0,SEATTLE
USW00094290,20160505,TMAX,189,SEATTLE
USW00094290,20160505,TMIN,94,SEATTLE
USW00094290,20160505,PRCP,0,SEATTLE
USW00094290,20160505,SNOW,0,SEATTLE
USW00094290,20160505,SNWD,0,SEATTLE
USW00094290,20160506,TMAX,228,SEATTLE
USW00094290,20160506,TMIN,100,SEATTLE
USW00094290,20160506,PRCP,0,SEATTLE
USW00094290,20160506,SNOW,0,SEATTLE
USW00094290,20160506,SNWD,0,SEATTLE
USW00094290,20160507,TMAX,267,SEATTLE
USW00094290,20160507,TMIN,94,SEATTLE
USW00094290,20160507,PRCP,0,SEATTLE
USW00094290,20160507,SNOW,0,SEATTLE
USW00094290,20160507,SNWD,0,SEATTLE
USW00094290,20160508,TMAX,183,SEATTLE
USW00094290,20160508,TMIN,94,SEATTLE
USW00094290,20160508,PRCP,33,SEATTLE
USW00094290,20160508,SNOW,0,SEATTLE
USW00094290,20160508,SNWD,0,SEATTLE
USW00094290,20160509,TMAX,200,SEATTLE
USW00094290,20160509,TMIN,89,SEATTLE
USW00094290,20160509,PRCP,0,SEATTLE
USW00094290,20160509,SNOW,0,SEATTLE
USW00094290,20160509,SNWD,0,SEATTLE
USW00094290,20160510,TMAX,222,SEATTLE
USW00094290,20160510,TMIN,72,SEATTLE
USW00094290,20160510,PRCP,0,SEATTLE
USW00094290,20160510,SNOW,0,SEATTLE
USW00094290,20160510,SNWD,0,SEATTLE
USW00094290,20160511,TMAX,256,SEATTLE
USW00094290,20160511,TMIN,89,SEATTLE
USW00094290,20160511,PRCP,0,SEATTLE
USW00094290,20160511,SNOW,0,SEATTLE
USW00094290,20160511,SNWD,0,SEATTLE
USW00094290,20160512,TMAX,233,SEATTLE
USW00094290,20160512,TMIN,89,SEATTLE
USW00094290,20160512,PRCP,0,SEATTLE
USW00094290,20160512,SNOW,0,SEATTLE
USW00094290,20160512,SNWD,0,SEATTLE
USW00094290,20160513,TMAX,256,SEATTLE
USW00094290,20160513,TMIN,111,SEATTLE
USW00094290,20160513,PRCP,0,SEATTLE
USW00094290,20160513,SNOW,0,SEATTLE
USW00094290,20160513,SNWD,0,SEATTLE
USW00094290,20160514,TMAX,172,SEATTLE
USW00094290,20160514,TMIN,122,SEATTLE
USW00094290,20160514,PRCP,51,SEATTLE
USW00094290,20160514,SNOW,0,SEATTLE
USW00094290,20160514,SNWD,0,SEATTLE
USW00094290,20160515,TMAX,133,SEATTLE
USW00094290,20160515,TMIN,117,SEATTLE
USW00094290,20160515,PRCP,28,SEATTLE
USW00094290,20160515,SNOW,0,SEATTLE
USW00094290,20160515,SNWD,0,SEATTLE
USW00094290,20160515,WT01,1,SEATTLE
USW00094290,20160516,TMAX,156,SEATTLE
USW00094290,20160516,TMIN,106,SEATTLE
USW00094290,20160516,PRCP,13,SEATTLE
USW00094290,20160516,SNOW,0,SEATTLE
USW00094290,20160516,SNWD,0,SEATTLE
USW00094290,20160517,TMAX,217,SEATTLE
USW00094290,20160517,TMIN,111,SEATTLE
USW00094290,20160517,PRCP,0,SEATTLE
USW00094290,20160517,SNOW,0,SEATTLE
USW00094290,20160517,SNWD,0,SEATTLE
USW00094290,20160518,TMAX,183,SEATTLE
USW00094290,20160518,TMIN,100,SEATTLE
USW00094290,20160518,PRCP,46,SEATTLE
USW00094290,20160518,SNOW,0,SEATTLE
USW00094290,20160518,SNWD,0,SEATTLE
USW00094290,20160519,TMAX,167,SEATTLE
USW00094290,20160519,TMIN,94,SEATTLE
USW00094290,20160519,PRCP,84,SEATTLE
USW00094290,20160519,SNOW,0,SEATTLE
USW00094290,20160519,SNWD,0,SEATTLE
USW00094290,20160519,WT03,1,SEATTLE
USW00094290,20160520,TMAX,183,SEATTLE
USW00094290,20160520,TMIN,100,SEATTLE
USW00094290,20160520,PRCP,8,SEATTLE
USW00094290,20160520,SNOW,0,SEATTLE
USW00094290,20160520,SNWD,0,SEATTLE
USW00094290,20160521,TMAX,144,SEATTLE
USW00094290,20160521,TMIN,111,SEATTLE
USW00094290,20160521,PRCP,30,SEATTLE
USW00094290,20160521,SNOW,0,SEATTLE
USW00094290,20160521,SNWD,0,SEATTLE
USW00094290,20160522,TMAX,194,SEATTLE
USW00094290,20160522,TMIN,117,SEATTLE
USW00094290,20160522,PRCP,3,SEATTLE
USW00094290,20160522,SNOW,0,SEATTLE
USW00094290,20160522,SNWD,0,SEATTLE
USW00094290,20160523,TMAX,167,SEATTLE
USW00094290,20160523,TMIN,122,SEATTLE
USW00094290,20160523,PRCP,0,SEATTLE
USW00094290,20160523,SNOW,0,SEATTLE
USW00094290,20160523,SNWD,0,SEATTLE
USW00094290,20160524,TMAX,189,SEATTLE
USW00094290,20160524,TMIN,128,SEATTLE
USW00094290,20160524,PRCP,0,SEATTLE
USW00094290,20160524,SNOW,0,SEATTLE
USW00094290,20160524,SNWD,0,SEATTLE
USW00094290,20160525,TMAX,189,SEATTLE
USW00094290,20160525,TMIN,122,SEATTLE
USW00094290,20160525,PRCP,0,SEATTLE
USW00094290,20160525,SNOW,0,SEATTLE
USW00094290,20160525,SNWD,0,SEATTLE
USW00094290,20160526,TMAX,167,SEATTLE
USW00094290,20160526,TMIN,106,SEATTLE
USW00094290,20160526,PRCP,0,SEATTLE
USW00094290,20160526,SNOW,0,SEATTLE
USW00094290,20160526,SNWD,0,SEATTLE
USW00094290,20160527,TMAX,172,SEATTLE
USW00094290,20160527,TMIN,83,SEATTLE
USW00094290,20160527,PRCP,76,SEATTLE
USW00094290,20160527,SNOW,0,SEATTLE
USW00094290,20160527,SNWD,0,SEATTLE
USW00094290,20160528,TMAX,167,SEATTLE
USW00094290,20160528,TMIN,100,SEATTLE
USW00094290,20160528,PRCP,15,SEATTLE
USW00094290,20160528,SNOW,0,SEATTLE
USW00094290,20160528,SNWD,0,SEATTLE
USW00094290,20160529,TMAX,161,SEATTLE
USW00094290,20160529,TMIN,100,SEATTLE
USW00094290,20160529,PRCP,25,SEATTLE
USW00094290,20160529,SNOW,0,SEATTLE
USW00094290,20160529,SNWD,0,SEATTLE
USW00094290,20160530,TMAX,217,SEATTLE
USW00094290,20160530,TMIN,78,SEATTLE
USW00094290,20160530,PRCP,0,SEATTLE
USW00094290,20160530,SNOW,0,SEATTLE
USW00094290,20160530,SNWD,0,SEATTLE
USW00094290,20160531,TMAX,256,SEATTLE
USW00094290,20160531,TMIN,100,SEATTLE
USW00094290,20160531,PRCP,0,SEATTLE
USW00094290,20160531,SNOW,0,SEATTLE
USW00094290,20160531,SNWD,0,SEATTLE
USW00094290,20160601,TMAX,239,SEATTLE
USW00094290,20160601,TMIN,133,SEATTLE
USW00094290,20160601,PRCP,0,SEATTLE
USW00094290,20160601,SNOW,0,SEATTLE
USW00094290,20160601,SNWD,0,SEATTLE
USW00094290,20160602,TMAX,206,SEATTLE
USW00094290,20160602,TMIN,139,SEATTLE
USW00094290,20160602,PRCP,0,SEATTLE
USW00094290,20160602,SNOW,0,SEATTLE
USW00094290,20160602,SNWD,0,SEATTLE
USW00094290,20160603,TMAX,261,SEATTLE
USW00094290,20160603,TMIN,117,SEATTLE
USW00094290,20160603,PRCP,0,SEATTLE
USW00094290,20160603,SNOW,0,SEATTLE
USW00094290,20160603,SNWD,0,SEATTLE
USW00094290,20160604,TMAX,267,SEATTLE
USW00094290,20160604,TMIN,161,SEATTLE
USW00094290,20160604,PRCP,0,SEATTLE
USW00094290,20160604,SNOW,0,SEATTLE
USW00094290,20160604,SNWD,0,SEATTLE
USW00094290,20160605,TMAX,328,SEATTLE
USW00094290,20160605,TMIN,156,SEATTLE
USW00094290,20160605,PRCP,0,SEATTLE
USW00094290,20160605,SNOW,0,SEATTLE
USW00094290,20160605,SNWD,0,SEATTLE
USW00094290,20160606,TMAX,278,SEATTLE
USW00094290,20160606,TMIN,172,SEATTLE
USW00094290,20160606,PRCP,0,SEATTLE
USW00094290,20160606,SNOW,0,SEATTLE
USW00094290,20160606,SNWD,0,SEATTLE
USW00094290,20160607,TMAX,289,SEATTLE
USW00094290,20160607,TMIN,139,SEATTLE
USW00094290,20160607,PRCP,0,SEATTLE
USW00094290,20160607,SNOW,0,SEATTLE
USW00094290,20160607,SNWD,0,SEATTLE
USW00094290,20160608,TMAX,200,SEATTLE
USW00094290,20160608,TMIN,133,SEATTLE
USW00094290,20160608,PRCP,0,SEATTLE
USW00094290,20160608,SNOW,0,SEATTLE
USW00094290,20160608,SNWD,0,SEATTLE
USW00094290,20160609,TMAX,183,SEATTLE
USW00094290,20160609,TMIN,122,SEATTLE
USW00094290,20160609,PRCP,8,SEATTLE
USW00094290,20160609,SNOW,0,SEATTLE
USW00094290,20160609,SNWD,0,SEATTLE
USW00094290,20160610,TMAX,194,SEATTLE
USW00094290,20160610,TMIN,106,SEATTLE
USW00094290,20160610,PRCP,3,SEATTLE
USW00094290,20160610,SNOW,0,SEATTLE
USW00094290,20160610,SNWD,0,SEATTLE
USW00094290,20160611,TMAX,200,SEATTLE
USW00094290,20160611,TMIN,111,SEATTLE
USW00094290,20160611,PRCP,13,SEATTLE
USW00094290,20160611,SNOW,0,SEATTLE
USW00094290,20160611,SNWD,0,SEATTLE
USW00094290,20160612,TMAX,211,SEATTLE
USW00094290,20160612,TMIN,128,SEATTLE
USW00094290,20160612,PRCP,0,SEATTLE
USW00094290,20160612,SNOW,0,SEATTLE
USW00094290,20160612,SNWD,0,SEATTLE
USW00094290,20160613,TMAX,206,SEATTLE
USW00094290,20160613,TMIN,111,SEATTLE
USW00094290,20160613,PRCP,0,SEATTLE
USW00094290,20160613,SNOW,0,SEATTLE
USW00094290,20160613,SNWD,0,SEATTLE
USW00094290,20160614,TMAX,167,SEATTLE
USW00094290,20160614,TMIN,94,SEATTLE
USW00094290,20160614,PRCP,3,SEATTLE
USW00094290,20160614,SNOW,0,SEATTLE
USW00094290,20160614,SNWD,0,SEATTLE
USW00094290,20160615,TMAX,194,SEATTLE
USW00094290,20160615,TMIN,83,SEATTLE
USW00094290,20160615,PRCP,13,SEATTLE
USW00094290,20160615,SNOW,0,SEATTLE
USW00094290,20160615,SNWD,0,SEATTLE
USW00094290,20160616,TMAX,211,SEATTLE
USW00094290,20160616,TMIN,106,SEATTLE
USW00094290,20160616,PRCP,10,SEATTLE
USW00094290,20160616,SNOW,0,SEATTLE
USW00094290,20160616,SNWD,0,SEATTLE
USW00094290,20160617,TMAX,206,SEATTLE
USW00094290,20160617,TMIN,106,SEATTLE
USW00094290,20160617,PRCP,41,SEATTLE
USW00094290,20160617,SNOW,0,SEATTLE
USW00094290,20160617,SNWD,0,SEATTLE
USW00094290,20160618,TMAX,167,SEATTLE
USW00094290,20160618,TMIN,117,SEATTLE
USW00094290,20160618,PRCP,102,SEATTLE
USW00094290,20160618,SNOW,0,SEATTLE
USW00094290,20160618,SNWD,0,SEATTLE
USW00094290,20160618,WT03,1,SEATTLE
USW00094290,20160619,TMAX,206,SEATTLE
USW00094290,20160619,TMIN,89,SEATTLE
USW00094290,20160619,PRCP,0,SEATTLE
USW00094290,20160619,SNOW,0,SEATTLE
USW00094290,20160619,SNWD,0,SEATTLE
USW00094290,20160620,TMAX,233,SEATTLE
USW00094290,20160620,TMIN,128,SEATTLE
USW00094290,20160620,PRCP,41,SEATTLE
USW00094290,20160620,SNOW,0,SEATTLE
USW00094290,20160620,SNWD,0,SEATTLE
USW00094290,20160621,TMAX,217,SEATTLE
USW00094290,20160621,TMIN,128,SEATTLE
USW00094290,20160621,PRCP,13,SEATTLE
USW00094290,20160621,SNOW,0,SEATTLE
USW00094290,20160621,SNWD,0,SEATTLE
USW00094290,20160622,TMAX,233,SEATTLE
USW00094290,20160622,TMIN,122,SEATTLE
USW00094290,20160622,PRCP,3,SEATTLE
USW00094290,20160622,SNOW,0,SEATTLE
USW00094290,20160622,SNWD,0,SEATTLE
USW00094290,20160623,TMAX,211,SEATTLE
USW00094290,20160623,TMIN,117,SEATTLE
USW00094290,20160623,PRCP,135,SEATTLE
USW00094290,20160623,SNOW,0,SEATTLE
USW00094290,20160623,SNWD,0,SEATTLE
USW00094290,20160624,TMAX,200,SEATTLE
USW00094290,20160624,TMIN,117,SEATTLE
USW00094290,20160624,PRCP,5,SEATTLE
USW00094290,20160624,SNOW,0,SEATTLE
USW00094290,20160624,SNWD,0,SEATTLE
USW00094290,20160625,TMAX,222,SEATTLE
USW00094290,20160625,TMIN,133,SEATTLE
USW00094290,20160625,PRCP,0,SEATTLE
USW00094290,20160625,SNOW,0,SEATTLE
USW00094290,20160625,SNWD,0,SEATTLE
USW00094290,20160626,TMAX,250,SEATTLE
USW00094290,20160626,TMIN,122,SEATTLE
USW00094290,20160626,PRCP,0,SEATTLE
USW00094290,20160626,SNOW,0,SEATTLE
USW00094290,20160626,SNWD,0,SEATTLE
USW00094290,20160627,TMAX,294,SEATTLE
USW00094290,20160627,TMIN,144,SEATTLE
USW00094290,20160627,PRCP,0,SEATTLE
USW00094290,20160627,SNOW,0,SEATTLE
USW00094290,20160627,SNWD,0,SEATTLE
USW00094290,20160628,TMAX,250,SEATTLE
USW00094290,20160628,TMIN,128,SEATTLE
USW00094290,20160628,PRCP,0,SEATTLE
USW00094290,20160628,SNOW,0,SEATTLE
USW00094290,20160628,SNWD,0,SEATTLE
USW00094290,20160629,TMAX,228,SEATTLE
USW00094290,20160629,TMIN,139,SEATTLE
USW00094290,20160629,PRCP,0,SEATTLE
USW00094290,20160629,SNOW,0,SEATTLE
USW00094290,20160629,SNWD,0,SEATTLE
USW00094290,20160630,TMAX,233,SEATTLE
USW00094290,20160630,TMIN,139,SEATTLE
USW00094290,20160630,PRCP,0,SEATTLE
USW00094290,20160630,SNOW,0,SEATTLE
USW00094290,20160630,SNWD,0,SEATTLE
USW00094290,20160701,TMAX,239,SEATTLE
USW00094290,20160701,TMIN,133,SEATTLE
USW00094290,20160701,PRCP,0,SEATTLE
USW00094290,20160701,SNOW,0,SEATTLE
USW00094290,20160701,SNWD,0,SEATTLE
USW00094290,20160702,TMAX,244,SEATTLE
USW00094290,20160702,TMIN,150,SEATTLE
USW00094290,20160702,PRCP,0,SEATTLE
USW00094290,20160702,SNOW,0,SEATTLE
USW00094290,20160702,SNWD,0,SEATTLE
USW00094290,20160703,TMAX,206,SEATTLE
USW00094290,20160703,TMIN,139,SEATTLE
USW00094290,20160703,PRCP,0,SEATTLE
USW00094290,20160703,SNOW,0,SEATTLE
USW00094290,20160703,SNWD,0,SEATTLE
USW00094290,20160704,TMAX,194,SEATTLE
USW00094290,20160704,TMIN,133,SEATTLE
USW00094290,20160704,PRCP,0,SEATTLE
USW00094290,20160704,SNOW,0,SEATTLE
USW00094290,20160704,SNWD,0,SEATTLE
USW00094290,20160705,TMAX,200,SEATTLE
USW00094290,20160705,TMIN,133,SEATTLE
USW00094290,20160705,PRCP,0,SEATTLE
USW00094290,20160705,SNOW,0,SEATTLE
USW00094290,20160705,SNWD,0,SEATTLE
USW00094290,20160706,TMAX,244,SEATTLE
USW00094290,20160706,TMIN,133,SEATTLE
USW00094290,20160706,PRCP,0,SEATTLE
USW00094290,20160706,SNOW,0,SEATTLE
USW00094290,20160706,SNWD,0,SEATTLE
USW00094290,20160707,TMAX,206,SEATTLE
USW00094290,20160707,TMIN,150,SEATTLE
USW00094290,20160707,PRCP,18,SEATTLE
USW00094290,20160707,SNOW,0,SEATTLE
USW00094290,20160707,SNWD,0,SEATTLE
USW00094290,20160707,WT01,1,SEATTLE
USW00094290,20160708,TMAX,233,SEATTLE
USW00094290,20160708,TMIN,150,SEATTLE
USW00094290,20160708,PRCP,61,SEATTLE
USW00094290,20160708,SNOW,0,SEATTLE
USW00094290,20160708,SNWD,0,SEATTLE
USW00094290,20160709,TMAX,217,SEATTLE
USW00094290,20160709,TMIN,144,SEATTLE
USW00094290,20160709,PRCP,15,SEATTLE
USW00094290,20160709,SNOW,0,SEATTLE
USW00094290,20160709,SNWD,0,SEATTLE
USW00094290,20160710,TMAX,222,SEATTLE
USW00094290,20160710,TMIN,139,SEATTLE
USW00094290,20160710,PRCP,5,SEATTLE
USW00094290,20160710,SNOW,0,SEATTLE
USW00094290,20160710,SNWD,0,SEATTLE
USW00094290,20160711,TMAX,228,SEATTLE
USW00094290,20160711,TMIN,144,SEATTLE
USW00094290,20160711,PRCP,0,SEATTLE
USW00094290,20160711,SNOW,0,SEATTLE
USW00094290,20160711,SNWD,0,SEATTLE
USW00094290,20160712,TMAX,250,SEATTLE
USW00094290,20160712,TMIN,133,SEATTLE
USW00094290,20160712,PRCP,0,SEATTLE
USW00094290,20160712,SNOW,0,SEATTLE
USW00094290,20160712,SNWD,0,SEATTLE
USW00094290,20160713,TMAX,239,SEATTLE
USW00094290,20160713,TMIN,139,SEATTLE
USW00094290,20160713,PRCP,0,SEATTLE
USW00094290,20160713,SNOW,0,SEATTLE
USW00094290,20160713,SNWD,0,SEATTLE
USW00094290,20160714,TMAX,250,SEATTLE
USW00094290,20160714,TMIN,128,SEATTLE
USW00094290,20160714,PRCP,0,SEATTLE
USW00094290,20160714,SNOW,0,SEATTLE
USW00094290,20160714,SNWD,0,SEATTLE
USW00094290,20160715,TMAX,244,SEATTLE
USW00094290,20160715,TMIN,122,SEATTLE
USW00094290,20160715,PRCP,0,SEATTLE
USW00094290,20160715,SNOW,0,SEATTLE
USW00094290,20160715,SNWD,0,SEATTLE
USW00094290,20160716,TMAX,217,SEATTLE
USW00094290,20160716,TMIN,144,SEATTLE
USW00094290,20160716,PRCP,0,SEATTLE
USW00094290,20160716,SNOW,0,SEATTLE
USW00094290,20160716,SNWD,0,SEATTLE
USW00094290,20160717,TMAX,267,SEATTLE
USW00094290,20160717,TMIN,139,SEATTLE
USW00094290,20160717,PRCP,0,SEATTLE
USW00094290,20160717,SNOW,0,SEATTLE
USW00094290,20160717,SNWD,0,SEATTLE
USW00094290,20160718,TMAX,228,SEATTLE
USW00094290,20160718,TMIN,144,SEATTLE
USW00094290,20160718,PRCP,0,SEATTLE
USW00094290,20160718,SNOW,0,SEATTLE
USW00094290,20160718,SNWD,0,SEATTLE
USW00094290,20160719,TMAX,261,SEATTLE
USW00094290,20160719,TMIN,156,SEATTLE
USW00094290,20160719,PRCP,0,SEATTLE
USW00094290,20160719,SNOW,0,SEATTLE
USW00094290,20160719,SNWD,0,SEATTLE
USW00094290,20160720,TMAX,272,SEATTLE
USW00094290,20160720,TMIN,161,SEATTLE
USW00094290,20160720,PRCP,0,SEATTLE
USW00094290,20160720,SNOW,0,SEATTLE
USW00094290,20160720,SNWD,0,SEATTLE
USW00094290,20160721,TMAX,272,SEATTLE
USW00094290,20160721,TMIN,150,SEATTLE
USW00094290,20160721,PRCP,0,SEATTLE
USW00094290,20160721,SNOW,0,SEATTLE
USW00094290,20160721,SNWD,0,SEATTLE
USW00094290,20160722,TMAX,189,SEATTLE
USW00094290,20160722,TMIN,156,SEATTLE
USW00094290,20160722,PRCP,28,SEATTLE
USW00094290,20160722,SNOW,0,SEATTLE
USW00094290,20160722,SNWD,0,SEATTLE
USW00094290,20160723,TMAX,239,SEATTLE
USW00094290,20160723,TMIN,144,SEATTLE
USW00094290,20160723,PRCP,8,SEATTLE
USW00094290,20160723,SNOW,0,SEATTLE
USW00094290,20160723,SNWD,0,SEATTLE
USW00094290,20160724,TMAX,267,SEATTLE
USW00094290,20160724,TMIN,139,SEATTLE
USW00094290,20160724,PRCP,0,SEATTLE
USW00094290,20160724,SNOW,0,SEATTLE
USW00094290,20160724,SNWD,0,SEATTLE
USW00094290,20160725,TMAX,289,SEATTLE
USW00094290,20160725,TMIN,150,SEATTLE
USW00094290,20160725,PRCP,0,SEATTLE
USW00094290,20160725,SNOW,0,SEATTLE
USW00094290,20160725,SNWD,0,SEATTLE
USW00094290,20160726,TMAX,267,SEATTLE
USW00094290,20160726,TMIN,156,SEATTLE
USW00094290,20160726,PRCP,0,SEATTLE
USW00094290,20160726,SNOW,0,SEATTLE
USW00094290,20160726,SNWD,0,SEATTLE
USW00094290,20160727,TMAX,294,SEATTLE
USW00094290,20160727,TMIN,144,SEATTLE
USW00094290,20160727,PRCP,0,SEATTLE
USW00094290,20160727,SNOW,0,SEATTLE
USW00094290,20160727,SNWD,0,SEATTLE
USW00094290,20160728,TMAX,306,SEATTLE
USW00094290,20160728,TMIN,167,SEATTLE
USW00094290,20160728,PRCP,0,SEATTLE
USW00094290,20160728,SNOW,0,SEATTLE
USW00094290,20160728,SNWD,0,SEATTLE
USW00094290,20160729,TMAX,300,SEATTLE
USW00094290,20160729,TMIN,172,SEATTLE
USW00094290,20160729,PRCP,0,SEATTLE
USW00094290,20160729,SNOW,0,SEATTLE
USW00094290,20160729,SNWD,0,SEATTLE
USW00094290,20160730,TMAX,244,SEATTLE
USW00094290,20160730,TMIN,150,SEATTLE
USW00094290,20160730,PRCP,0,SEATTLE
USW00094290,20160730,SNOW,0,SEATTLE
USW00094290,20160730,SNWD,0,SEATTLE
USW00094290,20160731,TMAX,228,SEATTLE
USW00094290,20160731,TMIN,139,SEATTLE
USW00094290,20160731,PRCP,0,SEATTLE
USW00094290,20160731,SNOW,0,SEATTLE
USW00094290,20160731,SNWD,0,SEATTLE
USW00094290,20160801,TMAX,244,SEATTLE
USW00094290,20160801,TMIN,122,SEATTLE
USW00094290,20160801,PRCP,0,SEATTLE
USW00094290,20160801,SNOW,0,SEATTLE
USW00094290,20160801,SNWD,0,SEATTLE
USW00094290,20160802,TMAX,228,SEATTLE
USW00094290,20160802,TMIN,139,SEATTLE
USW00094290,20160802,PRCP,0,SEATTLE
USW00094290,20160802,SNOW,0,SEATTLE
USW00094290,20160802,SNWD,0,SEATTLE
USW00094290,20160803,TMAX,244,SEATTLE
USW00094290,20160803,TMIN,156,SEATTLE
USW00094290,20160803,PRCP,0,SEATTLE
USW00094290,20160803,SNOW,0,SEATTLE
USW00094290,20160803,SNWD,0,SEATTLE
USW00094290,20160804,TMAX,267,SEATTLE
USW00094290,20160804,TMIN,139,SEATTLE
USW00094290,20160804,PRCP,0,SEATTLE
USW00094290,20160804,SNOW,0,SEATTLE
USW00094290,20160804,SNWD,0,SEATTLE
USW00094290,20160805,TMAX,261,SEATTLE
USW00094290,20160805,TMIN,133,SEATTLE
USW00094290,20160805,PRCP,0,SEATTLE
USW00094290,20160805,SNOW,0,SEATTLE
USW00094290,20160805,SNWD,0,SEATTLE
USW00094290,20160806,TMAX,217,SEATTLE
USW00094290,20160806,TMIN,133,SEATTLE
USW00094290,20160806,PRCP,0,SEATTLE
USW00094290,20160806,SNOW,0,SEATTLE
USW00094290,20160806,SNWD,0,SEATTLE
USW00094290,20160807,TMAX,228,SEATTLE
USW00094290,20160807,TMIN,139,SEATTLE
USW00094290,20160807,PRCP,8,SEATTLE
USW00094290,20160807,SNOW,0,SEATTLE
USW00094290,20160807,SNWD,0,SEATTLE
USW00094290,20160808,TMAX,222,SEATTLE
USW00094290,20160808,TMIN,144,SEATTLE
USW00094290,20160808,PRCP,3,SEATTLE
USW00094290,20160808,SNOW,0,SEATTLE
USW00094290,20160808,SNWD,0,SEATTLE
USW00094290,20160809,TMAX,228,SEATTLE
USW00094290,20160809,TMIN,156,SEATTLE
USW00094290,20160809,PRCP,0,SEATTLE
USW00094290,20160809,SNOW,0,SEATTLE
USW00094290,20160809,SNWD,0,SEATTLE
USW00094290,20160810,TMAX,250,SEATTLE
USW00094290,20160810,TMIN,150,SEATTLE
USW00094290,20160810,PRCP,0,SEATTLE
USW00094290,20160810,SNOW,0,SEATTLE
USW00094290,20160810,SNWD,0,SEATTLE
USW00094290,20160811,TMAX,267,SEATTLE
USW00094290,20160811,TMIN,144,SEATTLE
USW00094290,20160811,PRCP,0,SEATTLE
USW00094290,20160811,SNOW,0,SEATTLE
USW00094290,20160811,SNWD,0,SEATTLE
USW00094290,20160812,TMAX,300,SEATTLE
USW00094290,20160812,TMIN,144,SEATTLE
USW00094290,20160812,PRCP,0,SEATTLE
USW00094290,20160812,SNOW,0,SEATTLE
USW00094290,20160812,SNWD,0,SEATTLE
USW00094290,20160813,TMAX,311,SEATTLE
USW00094290,20160813,TMIN,172,SEATTLE
USW00094290,20160813,PRCP,0,SEATTLE
USW00094290,20160813,SNOW,0,SEATTLE
USW00094290,20160813,SNWD,0,SEATTLE
USW00094290,20160814,TMAX,283,SEATTLE
USW00094290,20160814,TMIN,150,SEATTLE
USW00094290,20160814,PRCP,0,SEATTLE
USW00094290,20160814,SNOW,0,SEATTLE
USW00094290,20160814,SNWD,0,SEATTLE
USW00094290,20160815,TMAX,278,SEATTLE
USW00094290,20160815,TMIN,161,SEATTLE
USW00094290,20160815,PRCP,0,SEATTLE
USW00094290,20160815,SNOW,0,SEATTLE
USW00094290,20160815,SNWD,0,SEATTLE
USW00094290,20160816,TMAX,283,SEATTLE
USW00094290,20160816,TMIN,150,SEATTLE
USW00094290,20160816,PRCP,0,SEATTLE
USW00094290,20160816,SNOW,0,SEATTLE
USW00094290,20160816,SNWD,0,SEATTLE
USW00094290,20160817,TMAX,267,SEATTLE
USW00094290,20160817,TMIN,133,SEATTLE
USW00094290,20160817,PRCP,0,SEATTLE
USW00094290,20160817,SNOW,0,SEATTLE
USW00094290,20160817,SNWD,0,SEATTLE
USW00094290,20160818,TMAX,300,SEATTLE
USW00094290,20160818,TMIN,167,SEATTLE
USW00094290,20160818,PRCP,0,SEATTLE
USW00094290,20160818,SNOW,0,SEATTLE
USW00094290,20160818,SNWD,0,SEATTLE
USW00094290,20160819,TMAX,328,SEATTLE
USW00094290,20160819,TMIN,167,SEATTLE
USW00094290,20160819,PRCP,0,SEATTLE
USW00094290,20160819,SNOW,0,SEATTLE
USW00094290,20160819,SNWD,0,SEATTLE
USW00094290,20160820,TMAX,328,SEATTLE
USW00094290,20160820,TMIN,156,SEATTLE
USW00094290,20160820,PRCP,0,SEATTLE
USW00094290,20160820,SNOW,0,SEATTLE
USW00094290,20160820,SNWD,0,SEATTLE
USW00094290,20160821,TMAX,233,SEATTLE
USW00094290,20160821,TMIN,144,SEATTLE
USW00094290,20160821,PRCP,0,SEATTLE
USW00094290,20160821,SNOW,0,SEATTLE
USW00094290,20160821,SNWD,0,SEATTLE
USW00094290,20160822,TMAX,228,SEATTLE
USW00094290,20160822,TMIN,139,SEATTLE
USW00094290,20160822,PRCP,0,SEATTLE
USW00094290,20160822,SNOW,0,SEATTLE
USW00094290,20160822,SNWD,0,SEATTLE
USW00094290,20160823,TMAX,261,SEATTLE
USW00094290,20160823,TMIN,111,SEATTLE
USW00094290,20160823,PRCP,0,SEATTLE
USW00094290,20160823,SNOW,0,SEATTLE
USW00094290,20160823,SNWD,0,SEATTLE
USW00094290,20160824,TMAX,283,SEATTLE
USW00094290,20160824,TMIN,150,SEATTLE
USW00094290,20160824,PRCP,0,SEATTLE
USW00094290,20160824,SNOW,0,SEATTLE
USW00094290,20160824,SNWD,0,SEATTLE
USW00094290,20160825,TMAX,306,SEATTLE
USW00094290,20160825,TMIN,150,SEATTLE
USW00094290,20160825,PRCP,0,SEATTLE
USW00094290,20160825,SNOW,0,SEATTLE
USW00094290,20160825,SNWD,0,SEATTLE
USW00094290,20160826,TMAX,317,SEATTLE
USW00094290,20160826,TMIN,161,SEATTLE
USW00094290,20160826,PRCP,0,SEATTLE
USW00094290,20160826,SNOW,0,SEATTLE
USW00094290,20160826,SNWD,0,SEATTLE
USW00094290,20160827,TMAX,211,SEATTLE
USW00094290,20160827,TMIN,150,SEATTLE
USW00094290,20160827,PRCP,0,SEATTLE
USW00094290,20160827,SNOW,0,SEATTLE
USW00094290,20160827,SNWD,0,SEATTLE
USW00094290,20160828,TMAX,206,SEATTLE
USW00094290,20160828,TMIN,144,SEATTLE
USW00094290,20160828,PRCP,0,SEATTLE
USW00094290,20160828,SNOW,0,SEATTLE
USW00094290,20160828,SNWD,0,SEATTLE
USW00094290,20160829,TMAX,272,SEATTLE
USW00094290,20160829,TMIN,122,SEATTLE
USW00094290,20160829,PRCP,0,SEATTLE
USW00094290,20160829,SNOW,0,SEATTLE
USW00094290,20160829,SNWD,0,SEATTLE
USW00094290,20160830,TMAX,222,SEATTLE
USW00094290,20160830,TMIN,144,SEATTLE
USW00094290,20160830,PRCP,0,SEATTLE
USW00094290,20160830,SNOW,0,SEATTLE
USW00094290,20160830,SNWD,0,SEATTLE
USW00094290,20160831,TMAX,211,SEATTLE
USW00094290,20160831,TMIN,156,SEATTLE
USW00094290,20160831,PRCP,3,SEATTLE
USW00094290,20160831,SNOW,0,SEATTLE
USW00094290,20160831,SNWD,0,SEATTLE
USW00094290,20160901,TMAX,194,SEATTLE
USW00094290,20160901,TMIN,139,SEATTLE
USW00094290,20160901,PRCP,13,SEATTLE
USW00094290,20160901,SNOW,0,SEATTLE
USW00094290,20160901,SNWD,0,SEATTLE
USW00094290,20160902,TMAX,211,SEATTLE
USW00094290,20160902,TMIN,133,SEATTLE
USW00094290,20160902,PRCP,180,SEATTLE
USW00094290,20160902,SNOW,0,SEATTLE
USW00094290,20160902,SNWD,0,SEATTLE
USW00094290,20160902,WT01,1,SEATTLE
USW00094290,20160902,WT03,1,SEATTLE
USW00094290,20160903,TMAX,206,SEATTLE
USW00094290,20160903,TMIN,128,SEATTLE
USW00094290,20160903,PRCP,15,SEATTLE
USW00094290,20160903,SNOW,0,SEATTLE
USW00094290,20160903,SNWD,0,SEATTLE
USW00094290,20160903,WT01,1,SEATTLE
USW00094290,20160904,TMAX,217,SEATTLE
USW00094290,20160904,TMIN,100,SEATTLE
USW00094290,20160904,PRCP,0,SEATTLE
USW00094290,20160904,SNOW,0,SEATTLE
USW00094290,20160904,SNWD,0,SEATTLE
USW00094290,20160905,TMAX,189,SEATTLE
USW00094290,20160905,TMIN,117,SEATTLE
USW00094290,20160905,PRCP,8,SEATTLE
USW00094290,20160905,SNOW,0,SEATTLE
USW00094290,20160905,SNWD,0,SEATTLE
USW00094290,20160906,TMAX,200,SEATTLE
USW00094290,20160906,TMIN,128,SEATTLE
USW00094290,20160906,PRCP,38,SEATTLE
USW00094290,20160906,SNOW,0,SEATTLE
USW00094290,20160906,SNWD,0,SEATTLE
USW00094290,20160907,TMAX,189,SEATTLE
USW00094290,20160907,TMIN,144,SEATTLE
USW00094290,20160907,PRCP,10,SEATTLE
USW00094290,20160907,SNOW,0,SEATTLE
USW00094290,20160907,SNWD,0,SEATTLE
USW00094290,20160907,WT01,1,SEATTLE
USW00094290,20160908,TMAX,217,SEATTLE
USW00094290,20160908,TMIN,117,SEATTLE
USW00094290,20160908,PRCP,0,SEATTLE
USW00094290,20160908,SNOW,0,SEATTLE
USW00094290,20160908,SNWD,0,SEATTLE
USW00094290,20160909,TMAX,250,SEATTLE
USW00094290,20160909,TMIN,106,SEATTLE
USW00094290,20160909,PRCP,0,SEATTLE
USW00094290,20160909,SNOW,0,SEATTLE
USW00094290,20160909,SNWD,0,SEATTLE
USW00094290,20160910,TMAX,250,SEATTLE
USW00094290,20160910,TMIN,111,SEATTLE
USW00094290,20160910,PRCP,0,SEATTLE
USW00094290,20160910,SNOW,0,SEATTLE
USW00094290,20160910,SNWD,0,SEATTLE
USW00094290,20160911,TMAX,211,SEATTLE
USW00094290,20160911,TMIN,122,SEATTLE
USW00094290,20160911,PRCP,0,SEATTLE
USW00094290,20160911,SNOW,0,SEATTLE
USW00094290,20160911,SNWD,0,SEATTLE
USW00094290,20160912,TMAX,222,SEATTLE
USW00094290,20160912,TMIN,111,SEATTLE
USW00094290,20160912,PRCP,0,SEATTLE
USW00094290,20160912,SNOW,0,SEATTLE
USW00094290,20160912,SNWD,0,SEATTLE
USW00094290,20160913,TMAX,233,SEATTLE
USW00094290,20160913,TMIN,100,SEATTLE
USW00094290,20160913,PRCP,0,SEATTLE
USW00094290,20160913,SNOW,0,SEATTLE
USW00094290,20160913,SNWD,0,SEATTLE
USW00094290,20160914,TMAX,256,SEATTLE
USW00094290,20160914,TMIN,89,SEATTLE
USW00094290,20160914,PRCP,0,SEATTLE
USW00094290,20160914,SNOW,0,SEATTLE
USW00094290,20160914,SNWD,0,SEATTLE
USW00094290,20160915,TMAX,228,SEATTLE
USW00094290,20160915,TMIN,117,SEATTLE
USW00094290,20160915,PRCP,0,SEATTLE
USW00094290,20160915,SNOW,0,SEATTLE
USW00094290,20160915,SNWD,0,SEATTLE
USW00094290,20160916,TMAX,233,SEATTLE
USW00094290,20160916,TMIN,106,SEATTLE
USW00094290,20160916,PRCP,0,SEATTLE
USW00094290,20160916,SNOW,0,SEATTLE
USW00094290,20160916,SNWD,0,SEATTLE
USW00094290,20160917,TMAX,194,SEATTLE
USW00094290,20160917,TMIN,139,SEATTLE
USW00094290,20160917,PRCP,58,SEATTLE
USW00094290,20160917,SNOW,0,SEATTLE
USW00094290,20160917,SNWD,0,SEATTLE
USW00094290,20160917,WT01,1,SEATTLE
USW00094290,20160918,TMAX,211,SEATTLE
USW00094290,20160918,TMIN,133,SEATTLE
USW00094290,20160918,PRCP,3,SEATTLE
USW00094290,20160918,SNOW,0,SEATTLE
USW00094290,20160918,SNWD,0,SEATTLE
USW00094290,20160919,TMAX,217,SEATTLE
USW00094290,20160919,TMIN,106,SEATTLE
USW00094290,20160919,PRCP,64,SEATTLE
USW00094290,20160919,SNOW,0,SEATTLE
USW00094290,20160919,SNWD,0,SEATTLE
USW00094290,20160920,TMAX,194,SEATTLE
USW00094290,20160920,TMIN,89,SEATTLE
USW00094290,20160920,PRCP,0,SEATTLE
USW00094290,20160920,SNOW,0,SEATTLE
USW00094290,20160920,SNWD,0,SEATTLE
USW00094290,20160921,TMAX,194,SEATTLE
USW00094290,20160921,TMIN,100,SEATTLE
USW00094290,20160921,PRCP,0,SEATTLE
USW00094290,20160921,SNOW,0,SEATTLE
USW00094290,20160921,SNWD,0,SEATTLE
USW00094290,20160922,TMAX,194,SEATTLE
USW00094290,20160922,TMIN,83,SEATTLE
USW00094290,20160922,PRCP,0,SEATTLE
USW00094290,20160922,SNOW,0,SEATTLE
USW00094290,20160922,SNWD,0,SEATTLE
USW00094290,20160923,TMAX,183,SEATTLE
USW00094290,20160923,TMIN,128,SEATTLE
USW00094290,20160923,PRCP,0,SEATTLE
USW00094290,20160923,SNOW,0,SEATTLE
USW00094290,20160923,SNWD,0,SEATTLE
USW00094290,20160924,TMAX,200,SEATTLE
USW00094290,20160924,TMIN,128,SEATTLE
USW00094290,20160924,PRCP,0,SEATTLE
USW00094290,20160924,SNOW,0,SEATTLE
USW00094290,20160924,SNWD,0,SEATTLE
USW00094290,20160925,TMAX,250,SEATTLE
USW00094290,20160925,TMIN,150,SEATTLE
USW00094290,20160925,PRCP,0,SEATTLE
USW00094290,20160925,SNOW,0,SEATTLE
USW00094290,20160925,SNWD,0,SEATTLE
USW00094290,20160926,TMAX,261,SEATTLE
USW00094290,20160926,TMIN,122,SEATTLE
USW00094290,20160926,PRCP,0,SEATTLE
USW00094290,20160926,SNOW,0,SEATTLE
USW00094290,20160926,SNWD,0,SEATTLE
USW00094290,20160927,TMAX,200,SEATTLE
USW00094290,20160927,TMIN,117,SEATTLE
USW00094290,20160927,PRCP,0,SEATTLE
USW00094290,20160927,SNOW,0,SEATTLE
USW00094290,20160927,SNWD,0,SEATTLE
USW00094290,20160928,TMAX,200,SEATTLE
USW00094290,20160928,TMIN,106,SEATTLE
USW00094290,20160928,PRCP,0,SEATTLE
USW00094290,20160928,SNOW,0,SEATTLE
USW00094290,20160928,SNWD,0,SEATTLE
USW00094290,20160929,TMAX,194,SEATTLE
USW00094290,20160929,TMIN,67,SEATTLE
USW00094290,20160929,PRCP,0,SEATTLE
USW00094290,20160929,SNOW,0,SEATTLE
USW00094290,20160929,SNWD,0,SEATTLE
USW00094290,20160930,TMAX,194,SEATTLE
USW00094290,20160930,TMIN,67,SEATTLE
USW00094290,20160930,PRCP,0,SEATTLE
USW00094290,20160930,SNOW,0,SEATTLE
USW00094290,20160930,SNWD,0,SEATTLE
USW00094290,20161001,TMAX,172,SEATTLE
USW00094290,20161001,TMIN,106,SEATTLE
USW00094290,20161001,PRCP,25,SEATTLE
USW00094290,20161001,SNOW,0,SEATTLE
USW00094290,20161001,SNWD,0,SEATTLE
USW00094290,20161001,WT01,1,SEATTLE
USW00094290,20161002,TMAX,194,SEATTLE
USW00094290,20161002,TMIN,100,SEATTLE
USW00094290,20161002,PRCP,0,SEATTLE
USW00094290,20161002,SNOW,0,SEATTLE
USW00094290,20161002,SNWD,0,SEATTLE
USW00094290,20161003,TMAX,178,SEATTLE
USW00094290,20161003,TMIN,94,SEATTLE
USW00094290,20161003,PRCP,10,SEATTLE
USW00094290,20161003,SNOW,0,SEATTLE
USW00094290,20161003,SNWD,0,SEATTLE
USW00094290,20161004,TMAX,161,SEATTLE
USW00094290,20161004,TMIN,111,SEATTLE
USW00094290,20161004,PRCP,23,SEATTLE
USW00094290,20161004,SNOW,0,SEATTLE
USW00094290,20161004,SNWD,0,SEATTLE
USW00094290,20161005,TMAX,200,SEATTLE
USW00094290,20161005,TMIN,106,SEATTLE
USW00094290,20161005,PRCP,3,SEATTLE
USW00094290,20161005,SNOW,0,SEATTLE
USW00094290,20161005,SNWD,0,SEATTLE
USW00094290,20161006,TMAX,172,SEATTLE
USW00094290,20161006,TMIN,117,SEATTLE
USW00094290,20161006,PRCP,56,SEATTLE
USW00094290,20161006,SNOW,0,SEATTLE
USW00094290,20161006,SNWD,0,SEATTLE
USW00094290,20161007,TMAX,178,SEATTLE
USW00094290,20161007,TMIN,122,SEATTLE
USW00094290,20161007,PRCP,28,SEATTLE
USW00094290,20161007,SNOW,0,SEATTLE
USW00094290,20161007,SNWD,0,SEATTLE
USW00094290,20161008,TMAX,200,SEATTLE
USW00094290,20161008,TMIN,111,SEATTLE
USW00094290,20161008,PRCP,150,SEATTLE
USW00094290,20161008,SNOW,0,SEATTLE
USW00094290,20161008,SNWD,0,SEATTLE
USW00094290,20161008,WT01,1,SEATTLE
USW00094290,20161009,TMAX,150,SEATTLE
USW00094290,20161009,TMIN,94,SEATTLE
USW00094290,20161009,PRCP,91,SEATTLE
USW00094290,20161009,SNOW,0,SEATTLE
USW00094290,20161009,SNWD,0,SEATTLE
USW00094290,20161009,WT01,1,SEATTLE
USW00094290,20161010,TMAX,167,SEATTLE
USW00094290,20161010,TMIN,72,SEATTLE
USW00094290,20161010,PRCP,0,SEATTLE
USW00094290,20161010,SNOW,0,SEATTLE
USW00094290,20161010,SNWD,0,SEATTLE
USW00094290,20161011,TMAX,183,SEATTLE
USW00094290,20161011,TMIN,50,SEATTLE
USW00094290,20161011,PRCP,0,SEATTLE
USW00094290,20161011,SNOW,0,SEATTLE
USW00094290,20161011,SNWD,0,SEATTLE
USW00094290,20161012,TMAX,200,SEATTLE
USW00094290,20161012,TMIN,39,SEATTLE
USW00094290,20161012,PRCP,3,SEATTLE
USW00094290,20161012,SNOW,0,SEATTLE
USW00094290,20161012,SNWD,0,SEATTLE
USW00094290,20161013,TMAX,144,SEATTLE
USW00094290,20161013,TMIN,111,SEATTLE
USW00094290,20161013,PRCP,447,SEATTLE
USW00094290,20161013,SNOW,0,SEATTLE
USW00094290,20161013,SNWD,0,SEATTLE
USW00094290,20161013,WT01,1,SEATTLE
USW00094290,20161014,TMAX,150,SEATTLE
USW00094290,20161014,TMIN,106,SEATTLE
USW00094290,20161014,PRCP,292,SEATTLE
USW00094290,20161014,SNOW,0,SEATTLE
USW00094290,20161014,SNWD,0,SEATTLE
USW00094290,20161014,WT01,1,SEATTLE
USW00094290,20161014,WT03,1,SEATTLE
USW00094290,20161015,TMAX,167,SEATTLE
USW00094290,20161015,TMIN,106,SEATTLE
USW00094290,20161015,PRCP,168,SEATTLE
USW00094290,20161015,SNOW,0,SEATTLE
USW00094290,20161015,SNWD,0,SEATTLE
USW00094290,20161016,TMAX,144,SEATTLE
USW00094290,20161016,TMIN,106,SEATTLE
USW00094290,20161016,PRCP,122,SEATTLE
USW00094290,20161016,SNOW,0,SEATTLE
USW00094290,20161016,SNWD,0,SEATTLE
USW00094290,20161017,TMAX,167,SEATTLE
USW00094290,20161017,TMIN,106,SEATTLE
USW00094290,20161017,PRCP,13,SEATTLE
USW00094290,20161017,SNOW,0,SEATTLE
USW00094290,20161017,SNWD,0,SEATTLE
USW00094290,20161018,TMAX,161,SEATTLE
USW00094290,20161018,TMIN,100,SEATTLE
USW00094290,20161018,PRCP,46,SEATTLE
USW00094290,20161018,SNOW,0,SEATTLE
USW00094290,20161018,SNWD,0,SEATTLE
USW00094290,20161019,TMAX,144,SEATTLE
USW00094290,20161019,TMIN,67,SEATTLE
USW00094290,20161019,PRCP,43,SEATTLE
USW00094290,20161019,SNOW,0,SEATTLE
USW00094290,20161019,SNWD,0,SEATTLE
USW00094290,20161019,WT01,1,SEATTLE
USW00094290,20161020,TMAX,156,SEATTLE
USW00094290,20161020,TMIN,106,SEATTLE
USW00094290,20161020,PRCP,305,SEATTLE
USW00094290,20161020,SNOW,0,SEATTLE
USW00094290,20161020,SNWD,0,SEATTLE
USW00094290,20161020,WT01,1,SEATTLE
USW00094290,20161021,TMAX,156,SEATTLE
USW00094290,20161021,TMIN,94,SEATTLE
USW00094290,20161021,PRCP,3,SEATTLE
USW00094290,20161021,SNOW,0,SEATTLE
USW00094290,20161021,SNWD,0,SEATTLE
USW00094290,20161022,TMAX,178,SEATTLE
USW00094290,20161022,TMIN,72,SEATTLE
USW00094290,20161022,PRCP,13,SEATTLE
USW00094290,20161022,SNOW,0,SEATTLE
USW00094290,20161022,SNWD,0,SEATTLE
USW00094290,20161023,TMAX,172,SEATTLE
USW00094290,20161023,TMIN,83,SEATTLE
USW00094290,20161023,PRCP,25,SEATTLE
USW00094290,20161023,SNOW,0,SEATTLE
USW00094290,20161023,SNWD,0,SEATTLE
USW00094290,20161024,TMAX,161,SEATTLE
USW00094290,20161024,TMIN,100,SEATTLE
USW00094290,20161024,PRCP,43,SEATTLE
USW00094290,20161024,SNOW,0,SEATTLE
USW00094290,20161024,SNWD,0,SEATTLE
USW00094290,20161025,TMAX,178,SEATTLE
USW00094290,20161025,TMIN,89,SEATTLE
USW00094290,20161025,PRCP,0,SEATTLE
USW00094290,20161025,SNOW,0,SEATTLE
USW00094290,20161025,SNWD,0,SEATTLE
USW00094290,20161026,TMAX,139,SEATTLE
USW00094290,20161026,TMIN,111,SEATTLE
USW00094290,20161026,PRCP,389,SEATTLE
USW00094290,20161026,SNOW,0,SEATTLE
USW00094290,20161026,SNWD,0,SEATTLE
USW00094290,20161026,WT01,1,SEATTLE
USW00094290,20161027,TMAX,144,SEATTLE
USW00094290,20161027,TMIN,111,SEATTLE
USW00094290,20161027,PRCP,18,SEATTLE
USW00094290,20161027,SNOW,0,SEATTLE
USW00094290,20161027,SNWD,0,SEATTLE
USW00094290,20161028,TMAX,194,SEATTLE
USW00094290,20161028,TMIN,94,SEATTLE
USW00094290,20161028,PRCP,3,SEATTLE
USW00094290,20161028,SNOW,0,SEATTLE
USW00094290,20161028,SNWD,0,SEATTLE
USW00094290,20161029,TMAX,150,SEATTLE
USW00094290,20161029,TMIN,89,SEATTLE
USW00094290,20161029,PRCP,48,SEATTLE
USW00094290,20161029,SNOW,0,SEATTLE
USW00094290,20161029,SNWD,0,SEATTLE
USW00094290,20161029,WT01,1,SEATTLE
USW00094290,20161030,TMAX,111,SEATTLE
USW00094290,20161030,TMIN,72,SEATTLE
USW00094290,20161030,PRCP,46,SEATTLE
USW00094290,20161030,SNOW,0,SEATTLE
USW00094290,20161030,SNWD,0,SEATTLE
USW00094290,20161031,TMAX,150,SEATTLE
USW00094290,20161031,TMIN,94,SEATTLE
USW00094290,20161031,PRCP,206,SEATTLE
USW00094290,20161031,SNOW,0,SEATTLE
USW00094290,20161031,SNWD,0,SEATTLE
USW00094290,20161031,WT01,1,SEATTLE
USW00094290,20161101,TMAX,133,SEATTLE
USW00094290,20161101,TMIN,94,SEATTLE
USW00094290,20161101,PRCP,91,SEATTLE
USW00094290,20161101,SNOW,0,SEATTLE
USW00094290,20161101,SNWD,0,SEATTLE
USW00094290,20161101,WT01,1,SEATTLE
USW00094290,20161102,TMAX,139,SEATTLE
USW00094290,20161102,TMIN,106,SEATTLE
USW00094290,20161102,PRCP,135,SEATTLE
USW00094290,20161102,SNOW,0,SEATTLE
USW00094290,20161102,SNWD,0,SEATTLE
USW00094290,20161102,WT01,1,SEATTLE
USW00094290,20161103,TMAX,194,SEATTLE
USW00094290,20161103,TMIN,72,SEATTLE
USW00094290,20161103,PRCP,5,SEATTLE
USW00094290,20161103,SNOW,0,SEATTLE
USW00094290,20161103,SNWD,0,SEATTLE
USW00094290,20161104,TMAX,183,SEATTLE
USW00094290,20161104,TMIN,56,SEATTLE
USW00094290,20161104,PRCP,0,SEATTLE
USW00094290,20161104,SNOW,0,SEATTLE
USW00094290,20161104,SNWD,0,SEATTLE
USW00094290,20161104,WT01,1,SEATTLE
USW00094290,20161104,WT02,1,SEATTLE
USW00094290,20161105,TMAX,144,SEATTLE
USW00094290,20161105,TMIN,111,SEATTLE
USW00094290,20161105,PRCP,239,SEATTLE
USW00094290,20161105,SNOW,0,SEATTLE
USW00094290,20161105,SNWD,0,SEATTLE
USW00094290,20161105,WT01,1,SEATTLE
USW00094290,20161106,TMAX,167,SEATTLE
USW00094290,20161106,TMIN,94,SEATTLE
USW00094290,20161106,PRCP,69,SEATTLE
USW00094290,20161106,SNOW,0,SEATTLE
USW00094290,20161106,SNWD,0,SEATTLE
USW00094290,20161107,TMAX,178,SEATTLE
USW00094290,20161107,TMIN,100,SEATTLE
USW00094290,20161107,PRCP,8,SEATTLE
USW00094290,20161107,SNOW,0,SEATTLE
USW00094290,20161107,SNWD,0,SEATTLE
USW00094290,20161108,TMAX,217,SEATTLE
USW00094290,20161108,TMIN,72,SEATTLE
USW00094290,20161108,PRCP,0,SEATTLE
USW00094290,20161108,SNOW,0,SEATTLE
USW00094290,20161108,SNWD,0,SEATTLE
USW00094290,20161109,TMAX,183,SEATTLE
USW00094290,20161109,TMIN,106,SEATTLE
USW00094290,20161109,PRCP,28,SEATTLE
USW00094290,20161109,SNOW,0,SEATTLE
USW00094290,20161109,SNWD,0,SEATTLE
USW00094290,20161110,TMAX,178,SEATTLE
USW00094290,20161110,TMIN,61,SEATTLE
USW00094290,20161110,PRCP,0,SEATTLE
USW00094290,20161110,SNOW,0,SEATTLE
USW00094290,20161110,SNWD,0,SEATTLE
USW00094290,20161110,WT01,1,SEATTLE
USW00094290,20161111,TMAX,178,SEATTLE
USW00094290,20161111,TMIN,94,SEATTLE
USW00094290,20161111,PRCP,0,SEATTLE
USW00094290,20161111,SNOW,0,SEATTLE
USW00094290,20161111,SNWD,0,SEATTLE
USW00094290,20161112,TMAX,150,SEATTLE
USW00094290,20161112,TMIN,106,SEATTLE
USW00094290,20161112,PRCP,28,SEATTLE
USW00094290,20161112,SNOW,0,SEATTLE
USW00094290,20161112,SNWD,0,SEATTLE
USW00094290,20161113,TMAX,128,SEATTLE
USW00094290,20161113,TMIN,78,SEATTLE
USW00094290,20161113,PRCP,46,SEATTLE
USW00094290,20161113,SNOW,0,SEATTLE
USW00094290,20161113,SNWD,0,SEATTLE
USW00094290,20161114,TMAX,133,SEATTLE
USW00094290,20161114,TMIN,94,SEATTLE
USW00094290,20161114,PRCP,51,SEATTLE
USW00094290,20161114,SNOW,0,SEATTLE
USW00094290,20161114,SNWD,0,SEATTLE
USW00094290,20161114,WT01,1,SEATTLE
USW00094290,20161115,TMAX,128,SEATTLE
USW00094290,20161115,TMIN,67,SEATTLE
USW00094290,20161115,PRCP,312,SEATTLE
USW00094290,20161115,SNOW,0,SEATTLE
USW00094290,20161115,SNWD,0,SEATTLE
USW00094290,20161116,TMAX,106,SEATTLE
USW00094290,20161116,TMIN,67,SEATTLE
USW00094290,20161116,PRCP,0,SEATTLE
USW00094290,20161116,SNOW,0,SEATTLE
USW00094290,20161116,SNWD,0,SEATTLE
USW00094290,20161117,TMAX,122,SEATTLE
USW00094290,20161117,TMIN,56,SEATTLE
USW00094290,20161117,PRCP,0,SEATTLE
USW00094290,20161117,SNOW,0,SEATTLE
USW00094290,20161117,SNWD,0,SEATTLE
USW00094290,20161118,TMAX,128,SEATTLE
USW00094290,20161118,TMIN,44,SEATTLE
USW00094290,20161118,PRCP,0,SEATTLE
USW00094290,20161118,SNOW,0,SEATTLE
USW00094290,20161118,SNWD,0,SEATTLE
USW00094290,20161119,TMAX,128,SEATTLE
USW00094290,20161119,TMIN,78,SEATTLE
USW00094290,20161119,PRCP,33,SEATTLE
USW00094290,20161119,SNOW,0,SEATTLE
USW00094290,20161119,SNWD,0,SEATTLE
USW00094290,20161120,TMAX,122,SEATTLE
USW00094290,20161120,TMIN,94,SEATTLE
USW00094290,20161120,PRCP,41,SEATTLE
USW00094290,20161120,SNOW,0,SEATTLE
USW00094290,20161120,SNWD,0,SEATTLE
USW00094290,20161120,WT01,1,SEATTLE
USW00094290,20161121,TMAX,133,SEATTLE
USW00094290,20161121,TMIN,83,SEATTLE
USW00094290,20161121,PRCP,8,SEATTLE
USW00094290,20161121,SNOW,0,SEATTLE
USW00094290,20161121,SNWD,0,SEATTLE
USW00094290,20161122,TMAX,117,SEATTLE
USW00094290,20161122,TMIN,56,SEATTLE
USW00094290,20161122,PRCP,168,SEATTLE
USW00094290,20161122,SNOW,0,SEATTLE
USW00094290,20161122,SNWD,0,SEATTLE
USW00094290,20161122,WT01,1,SEATTLE
USW00094290,20161123,TMAX,100,SEATTLE
USW00094290,20161123,TMIN,72,SEATTLE
USW00094290,20161123,PRCP,46,SEATTLE
USW00094290,20161123,SNOW,0,SEATTLE
USW00094290,20161123,SNWD,0,SEATTLE
USW00094290,20161124,TMAX,111,SEATTLE
USW00094290,20161124,TMIN,78,SEATTLE
USW00094290,20161124,PRCP,338,SEATTLE
USW00094290,20161124,SNOW,0,SEATTLE
USW00094290,20161124,SNWD,0,SEATTLE
USW00094290,20161124,WT01,1,SEATTLE
USW00094290,20161125,TMAX,111,SEATTLE
USW00094290,20161125,TMIN,50,SEATTLE
USW00094290,20161125,PRCP,18,SEATTLE
USW00094290,20161125,SNOW,0,SEATTLE
USW00094290,20161125,SNWD,0,SEATTLE
USW00094290,20161126,TMAX,117,SEATTLE
USW00094290,20161126,TMIN,67,SEATTLE
USW00094290,20161126,PRCP,160,SEATTLE
USW00094290,20161126,SNOW,0,SEATTLE
USW00094290,20161126,SNWD,0,SEATTLE
USW00094290,20161127,TMAX,83,SEATTLE
USW00094290,20161127,TMIN,61,SEATTLE
USW00094290,20161127,PRCP,74,SEATTLE
USW00094290,20161127,SNOW,0,SEATTLE
USW00094290,20161127,SNWD,0,SEATTLE
USW00094290,20161128,TMAX,106,SEATTLE
USW00094290,20161128,TMIN,56,SEATTLE
USW00094290,20161128,PRCP,0,SEATTLE
USW00094290,20161128,SNOW,0,SEATTLE
USW00094290,20161128,SNWD,0,SEATTLE
USW00094290,20161129,TMAX,117,SEATTLE
USW00094290,20161129,TMIN,56,SEATTLE
USW00094290,20161129,PRCP,10,SEATTLE
USW00094290,20161129,SNOW,0,SEATTLE
USW00094290,20161129,SNWD,0,SEATTLE
USW00094290,20161130,TMAX,106,SEATTLE
USW00094290,20161130,TMIN,61,SEATTLE
USW00094290,20161130,PRCP,53,SEATTLE
USW00094290,20161130,SNOW,0,SEATTLE
USW00094290,20161130,SNWD,0,SEATTLE
USW00094290,20161130,WT03,1,SEATTLE
USW00094290,20161201,TMAX,83,SEATTLE
USW00094290,20161201,TMIN,44,SEATTLE
USW00094290,20161201,PRCP,3,SEATTLE
USW00094290,20161201,SNOW,0,SEATTLE
USW00094290,20161201,SNWD,0,SEATTLE
USW00094290,20161202,TMAX,100,SEATTLE
USW00094290,20161202,TMIN,72,SEATTLE
USW00094290,20161202,PRCP,48,SEATTLE
USW00094290,20161202,SNOW,0,SEATTLE
USW00094290,20161202,SNWD,0,SEATTLE
USW00094290,20161203,TMAX,94,SEATTLE
USW00094290,20161203,TMIN,67,SEATTLE
USW00094290,20161203,PRCP,20,SEATTLE
USW00094290,20161203,SNOW,0,SEATTLE
USW00094290,20161203,SNWD,0,SEATTLE
USW00094290,20161204,TMAX,83,SEATTLE
USW00094290,20161204,TMIN,22,SEATTLE
USW00094290,20161204,PRCP,58,SEATTLE
USW00094290,20161204,SNOW,0,SEATTLE
USW00094290,20161204,SNWD,0,SEATTLE
USW00094290,20161205,TMAX,39,SEATTLE
USW00094290,20161205,TMIN,17,SEATTLE
USW00094290,20161205,PRCP,56,SEATTLE
USW00094290,20161205,SNOW,0,SEATTLE
USW00094290,20161205,SNWD,0,SEATTLE
USW00094290,20161205,WT01,1,SEATTLE
USW00094290,20161206,TMAX,50,SEATTLE
USW00094290,20161206,TMIN,0,SEATTLE
USW00094290,20161206,PRCP,0,SEATTLE
USW00094290,20161206,SNOW,0,SEATTLE
USW00094290,20161206,SNWD,0,SEATTLE
USW00094290,20161207,TMAX,33,SEATTLE
USW00094290,20161207,TMIN,-32,SEATTLE
USW00094290,20161207,PRCP,0,SEATTLE
USW00094290,20161207,SNOW,0,SEATTLE
USW00094290,20161207,SNWD,0,SEATTLE
USW00094290,20161208,TMAX,39,SEATTLE
USW00094290,20161208,TMIN,-27,SEATTLE
USW00094290,20161208,PRCP,13,SEATTLE
USW00094290,20161208,SNOW,20,SEATTLE
USW00094290,20161208,SNWD,30,SEATTLE
USW00094290,20161208,WT01,1,SEATTLE
USW00094290,20161209,TMAX,39,SEATTLE
USW00094290,20161209,TMIN,-5,SEATTLE
USW00094290,20161209,PRCP,127,SEATTLE
USW00094290,20161209,SNOW,15,SEATTLE
USW00094290,20161209,SNWD,0,SEATTLE
USW00094290,20161210,TMAX,61,SEATTLE
USW00094290,20161210,TMIN,33,SEATTLE
USW00094290,20161210,PRCP,41,SEATTLE
USW00094290,20161210,SNOW,0,SEATTLE
USW00094290,20161210,SNWD,0,SEATTLE
USW00094290,20161211,TMAX,61,SEATTLE
USW00094290,20161211,TMIN,44,SEATTLE
USW00094290,20161211,PRCP,10,SEATTLE
USW00094290,20161211,SNOW,0,SEATTLE
USW00094290,20161211,SNWD,0,SEATTLE
USW00094290,20161212,TMAX,56,SEATTLE
USW00094290,20161212,TMIN,28,SEATTLE
USW00094290,20161212,PRCP,5,SEATTLE
USW00094290,20161212,SNOW,0,SEATTLE
USW00094290,20161212,SNWD,0,SEATTLE
USW00094290,20161212,WT01,1,SEATTLE
USW00094290,20161213,TMAX,50,SEATTLE
USW00094290,20161213,TMIN,6,SEATTLE
USW00094290,20161213,PRCP,0,SEATTLE
USW00094290,20161213,SNOW,0,SEATTLE
USW00094290,20161213,SNWD,0,SEATTLE
USW00094290,20161214,TMAX,28,SEATTLE
USW00094290,20161214,TMIN,-5,SEATTLE
USW00094290,20161214,PRCP,0,SEATTLE
USW00094290,20161214,SNOW,0,SEATTLE
USW00094290,20161214,SNWD,0,SEATTLE
USW00094290,20161215,TMAX,33,SEATTLE
USW00094290,20161215,TMIN,11,SEATTLE
USW00094290,20161215,PRCP,0,SEATTLE
USW00094290,20161215,SNOW,0,SEATTLE
USW00094290,20161215,SNWD,0,SEATTLE
USW00094290,20161216,TMAX,17,SEATTLE
USW00094290,20161216,TMIN,-38,SEATTLE
USW00094290,20161216,PRCP,0,SEATTLE
USW00094290,20161216,SNOW,0,SEATTLE
USW00094290,20161216,SNWD,0,SEATTLE
USW00094290,20161217,TMAX,17,SEATTLE
USW00094290,20161217,TMIN,-43,SEATTLE
USW00094290,20161217,PRCP,0,SEATTLE
USW00094290,20161217,SNOW,0,SEATTLE
USW00094290,20161217,SNWD,0,SEATTLE
USW00094290,20161218,TMAX,44,SEATTLE
USW00094290,20161218,TMIN,-5,SEATTLE
USW00094290,20161218,PRCP,0,SEATTLE
USW00094290,20161218,SNOW,0,SEATTLE
USW00094290,20161218,SNWD,0,SEATTLE
USW00094290,20161219,TMAX,67,SEATTLE
USW00094290,20161219,TMIN,28,SEATTLE
USW00094290,20161219,PRCP,94,SEATTLE
USW00094290,20161219,SNOW,0,SEATTLE
USW00094290,20161219,SNWD,0,SEATTLE
USW00094290,20161220,TMAX,106,SEATTLE
USW00094290,20161220,TMIN,50,SEATTLE
USW00094290,20161220,PRCP,10,SEATTLE
USW00094290,20161220,SNOW,0,SEATTLE
USW00094290,20161220,SNWD,0,SEATTLE
USW00094290,20161221,TMAX,83,SEATTLE
USW00094290,20161221,TMIN,11,SEATTLE
USW00094290,20161221,PRCP,0,SEATTLE
USW00094290,20161221,SNOW,0,SEATTLE
USW00094290,20161221,SNWD,0,SEATTLE
USW00094290,20161222,TMAX,72,SEATTLE
USW00094290,20161222,TMIN,17,SEATTLE
USW00094290,20161222,PRCP,58,SEATTLE
USW00094290,20161222,SNOW,0,SEATTLE
USW00094290,20161222,SNWD,0,SEATTLE
USW00094290,20161223,TMAX,44,SEATTLE
USW00094290,20161223,TMIN,17,SEATTLE
USW00094290,20161223,PRCP,173,SEATTLE
USW00094290,20161223,SNOW,0,SEATTLE
USW00094290,20161223,SNWD,0,SEATTLE
USW00094290,20161223,WT01,1,SEATTLE
USW00094290,20161224,TMAX,39,SEATTLE
USW00094290,20161224,TMIN,11,SEATTLE
USW00094290,20161224,PRCP,3,SEATTLE
USW00094290,20161224,SNOW,0,SEATTLE
USW00094290,20161224,SNWD,0,SEATTLE
USW00094290,20161225,TMAX,33,SEATTLE
USW00094290,20161225,TMIN,11,SEATTLE
USW00094290,20161225,PRCP,0,SEATTLE
USW00094290,20161225,SNOW,0,SEATTLE
USW00094290,20161225,SNWD,0,SEATTLE
USW00094290,20161225,WT01,1,SEATTLE
USW00094290,20161225,WT02,1,SEATTLE
USW00094290,20161226,TMAX,56,SEATTLE
USW00094290,20161226,TMIN,6,SEATTLE
USW00094290,20161226,PRCP,71,SEATTLE
USW00094290,20161226,SNOW,0,SEATTLE
USW00094290,20161226,SNWD,0,SEATTLE
USW00094290,20161227,TMAX,78,SEATTLE
USW00094290,20161227,TMIN,33,SEATTLE
USW00094290,20161227,PRCP,5,SEATTLE
USW00094290,20161227,SNOW,0,SEATTLE
USW00094290,20161227,SNWD,0,SEATTLE
USW00094290,20161228,TMAX,89,SEATTLE
USW00094290,20161228,TMIN,39,SEATTLE
USW00094290,20161228,PRCP,0,SEATTLE
USW00094290,20161228,SNOW,0,SEATTLE
USW00094290,20161228,SNWD,0,SEATTLE
USW00094290,20161229,TMAX,72,SEATTLE
USW00094290,20161229,TMIN,50,SEATTLE
USW00094290,20161229,PRCP,71,SEATTLE
USW00094290,20161229,SNOW,0,SEATTLE
USW00094290,20161229,SNWD,0,SEATTLE
USW00094290,20161230,TMAX,72,SEATTLE
USW00094290,20161230,TMIN,0,SEATTLE
USW00094290,20161230,PRCP,25,SEATTLE
USW00094290,20161230,SNOW,0,SEATTLE
USW00094290,20161230,SNWD,0,SEATTLE
USW00094290,20161230,WT01,1,SEATTLE
USW00094290,20161231,TMAX,44,SEATTLE
USW00094290,20161231,TMIN,11,SEATTLE
USW00094290,20161231,PRCP,51,SEATTLE
USW00094290,20161231,SNOW,0,SEATTLE
USW00094290,20161231,SNWD,0,SEATTLE
USW00094290,20161231,WT01,1,SEATTLE
