﻿TYPE,WDPAID,WDPA_PID,PA_DEF,NAME,ORIG_NAME,DESIG,DESIG_ENG,DESIG_TYPE,IUCN_CAT,INT_CRIT,MARINE,REP_M_AREA,GIS_M_AREA,REP_AREA,GIS_AREA,NO_TAKE,NO_TK_AREA,STATUS,STATUS_YR,GOV_TYPE,OWN_TYPE,MANG_AUTH,MANG_PLAN,VERIF,METADATAID,SUB_LOC,PARENT_ISO3,ISO3
Polygon,99855,99855,1,Tchimpounga,Tchimpounga,Sanctuaire à Chimpanzé,Wildlife Sanctuary,National,IV,Not Applicable,0,0,0,70,88.9139938523131,Not Applicable,0,Designated,1999,Collaborative governance,Not Reported,MEF/ IJG,Not Existing,State Verified,1823,CG-5,COG,COG
Polygon,72332,72332,1,Nouabalé-Ndoki,Nouabalé-Ndoki,Parc National,National Park,National,II,Not Applicable,0,0,0,4150,4116.04427188629,Not Applicable,0,Designated,1993,Collaborative governance,Not Reported,MEF/WCS CONGO,In Development,State Verified,1823,CG-13,COG,COG
Polygon,313494,313494,1,Lac Télé,Lac Télé,Réserve communautaire,Community Reserve,National,IV,Not Applicable,0,0,0,4389.6,4541.60422403015,Not Applicable,0,Designated,2001,Collaborative governance,Not Reported,MEF/WCS Congo,Not Existing,State Verified,1823,CG-7,COG,COG
Polygon,2266,2266,1,Léfini,Léfini,Réserve de Faune,Wildlife Reserve,National,IV,Not Applicable,0,0,0,5010,3521.262381688,Not Applicable,0,Designated,1951,Federal or national ministry or agency,Not Reported,Ministry of the Forest Economy,Not Existing,State Verified,1823,CG-14,COG,COG
Polygon,166739,166739,1,Réserve Communautaire du Lac Télé/Likouala-aux-Herbes,Réserve Communautaire du Lac Télé/Likouala-aux-Herbes,"Ramsar Site, Wetland of International Importance","Ramsar Site, Wetland of International Importance",International,Not Reported,(vi),0,0,0,4389.6,4557.02500925314,Not Applicable,0,Designated,1998,Not Reported,Not Reported,Not Reported,Not Reported,State Verified,1856,CG-7,COG,COG
Polygon,555626098,555626098,1,Leketi-Mbama,Leketi-Mbama,"Ramsar Site, Wetland of International Importance","Ramsar Site, Wetland of International Importance",International,Not Reported,(ii)(iii)(iv)(vii)(viii),0,0,0,7749.65,7807.41195693474,Not Applicable,0,Designated,2015,Not Reported,Not Reported,Not Reported,https://rsis.ramsar.org/ris/2222,State Verified,1856,Not Reported,COG,COG
Polygon,555626099,555626099,1,Tchicapika-Owando,Tchicapika-Owando,"Ramsar Site, Wetland of International Importance","Ramsar Site, Wetland of International Importance",International,Not Reported,(ii)(iii)(iv)(vii)(viii),0,0,0,9701.6583,9767.00774319627,Not Applicable,0,Designated,2015,Not Reported,Not Reported,Not Reported,https://rsis.ramsar.org/ris/2223,State Verified,1856,Not Reported,COG,COG
Polygon,7425,7425,1,Parc national d'Odzala,Parc national d'Odzala,UNESCO-MAB Biosphere Reserve,UNESCO-MAB Biosphere Reserve,International,Not Applicable,Not Applicable,0,0,0,1100,13854.7381492698,Not Applicable,0,Designated,1977,Not Reported,Not Reported,Not Reported,Not Reported,State Verified,728,"CG-15;CG-13",COG,COG
Polygon,13694,13694,1,Réserve de biosphère de la Dimonika,Dimonika,UNESCO-MAB Réserve de Biosphère,UNESCO-MAB Biosphere Reserve,International,Not Applicable,Not Applicable,0,0,0,1360,1341.99858814995,Not Applicable,0,Designated,1988,Federal or national ministry or agency,Not Reported,Ministry of the Forest Economy,Not Existing,State Verified,1823,CG-5,COG,COG
Polygon,313401,313401,1,Conkouati-Douli,Conkouati-Douli,Parc National,National Park,National,II,Not Applicable,1,0,1197.46076866072,5049.5,5168.55103717639,Not Reported,0,Designated,1999,Collaborative governance,Not Reported,MEF/WCS CONGO,In Development,State Verified,1823,CG-5,COG,COG
Polygon,2270,2270,1,Tsoulou,Tsoulou,Réserve de Faune,Wildlife Reserve,National,IV,Not Applicable,0,0,0,300,290.121847373741,Not Applicable,0,Designated,1963,Federal or national ministry or agency,Not Reported,Ministry of the Forest Economy,Not Existing,State Verified,1823,CG-9,COG,COG
Polygon,643,643,1,Odzala Kokoua,Odzala Kokoua,Parc National,National Park,National,II,Not Applicable,0,0,0,13546,13695.1637113011,Not Applicable,0,Designated,2005,Collaborative governance,Not Reported,"MEF,WWF, WCS, ECOFAC",Existing,State Verified,1823,"CG-15;CG-13",COG,COG
Polygon,300342,300342,1,Lossi,Lossi,Sanctuaire à gorille,Wildlife Sanctuary,National,IV,Not Applicable,0,0,0,350,284.855286051541,Not Applicable,0,Designated,2001,Collaborative governance,Not Reported,"MEFE/WWF-CONGO, ECOFAC",Existing,State Verified,1823,CG-15,COG,COG
Polygon,99862,99862,1,Lessio-Louna,Lessio-Louna,Sanctuaire à gorille,Wildlife Sanctuary,National,IV,Not Applicable,0,0,0,1730,1753.01888296673,Not Applicable,0,Designated,2009,Collaborative governance,Not Reported,MEF/TAF,In Development,State Verified,1823,CG-12,COG,COG
Polygon,555571316,555571316,1,Mont Mavoumbou,Mont Mavoumbou,Réserve de chasse,Hunting Reserve,National,Not Reported,Not Applicable,0,0,0,229.05,230.236233257212,Not Applicable,0,Designated,1956,Federal or national ministry or agency,Not Reported,Ministry of the Forest Economy,Not Existing,State Verified,1823,Not Reported,COG,COG
Polygon,555571317,555571317,1,Ngyanga Nord,Ngyanga Nord,Réserve de Faune,Wildlife Reserve,National,IV,Not Applicable,0,0,0,88.2,88.6588701978779,Not Applicable,0,Designated,1910,Federal or national ministry or agency,Not Reported,Ministry of the Forest Economy,Not Existing,State Verified,1823,Not Reported,COG,COG
Polygon,555571318,555571318,1,Ngyanga Sud,Ngyanga Sud,Réserve de chasse,Hunting Reserve,National,Not Reported,Not Applicable,0,0,0,230,210.340743049759,Not Applicable,0,Designated,1956,Federal or national ministry or agency,Not Reported,Ministry of the Forest Economy,Not Existing,State Verified,1823,Not Reported,COG,COG
Polygon,555571319,555571319,1,Mont Fouari,Mont Fouari,Réserve de Faune,Wildlife Reserve,National,IV,Not Applicable,0,0,0,156,289.455102569585,Not Applicable,0,Designated,1956,Federal or national ministry or agency,Not Reported,Ministry of the Forest Economy,Not Existing,State Verified,1823,Not Reported,COG,COG
Polygon,354009,354009,1,Patte d'Oie,Patte d'Oie,Réserve forestière,Forest Reserve,National,Not Reported,Not Applicable,0,0,0,2.4,0.83793136484468,Not Applicable,0,Designated,1938,Federal or national ministry or agency,Not Reported,Ministry of the Forest Economy,Not Existing,State Verified,1823,CG-12,COG,COG
Polygon,555571320,555571320,1,Léfini,Léfini,Domaine de protection absolue,Area of absolute protection,National,Not Reported,Not Applicable,0,0,0,1800,1794.29244267113,Not Applicable,0,Designated,1963,Federal or national ministry or agency,Not Reported,Ministry of the Forest Economy,Not Existing,State Verified,1823,Not Reported,COG,COG
Polygon,354010,354010,1,Ntokou-Pikounda,Ntokou-Pikounda,Parc National,National Park,National,Not Reported,Not Applicable,0,0,0,4272,4283.0340188143,Not Applicable,0,Designated,2013,Not Reported,Not Reported,Not Reported,Not Existing,State Verified,1823,Not Reported,COG,COG
Polygon,555629210,555629210,1,Bas-Kouilou-Yombo,Bas-Kouilou-Yombo,"Ramsar Site, Wetland of International Importance","Ramsar Site, Wetland of International Importance",International,IV,(ii)(iv)(vi)(vii)(vii),0,0,2.64727027980218,551.24,554.908934834952,Not Applicable,0,Designated,2017,Federal or national ministry or agency,Multiple ownership,"Le Ministère de l’Economie Forestière, du Développement Durable et de l’Environnement",No,State Verified,1856,CG-5,COG,COG
Polygon,555547988,555547988,1,Sangha Trinational,Trinational de la Sangha,World Heritage Site (natural or mixed),World Heritage Site (natural or mixed),International,Not Applicable,(ix)(x),0,0,0,7463.09,7527.22449613487,Not Applicable,0,Inscribed,2012,Not Reported,Not Reported,Not Reported,Not Reported,State Verified,946,Not Reported,"COG;CMR;CAF","COG;CMR;CAF"
Point,109017,109017,1,Cayo-Loufoualeba,Cayo-Loufoualeba,"Ramsar Site, Wetland of International Importance","Ramsar Site, Wetland of International Importance",International,Not Reported,(ii) (iii) (iv) (vii) (viii),0,0,,153.66,,Not Applicable,0,Designated,2007,Not Reported,Not Reported,Not Reported,Management plan is not implemented and not available,State Verified,1856,CG-5,COG,COG
Point,109018,109018,1,Conkouati-Douli,Conkouati-Douli,"Ramsar Site, Wetland of International Importance","Ramsar Site, Wetland of International Importance",International,Not Reported,(i) (ii) (iii) (iv) (vii) (viii),0,0,,5049.5,,Not Applicable,0,Designated,2007,Not Reported,Not Reported,Not Reported,Management plan is implemented and is available,State Verified,1856,CG-5,COG,COG
Point,109019,109019,1,Grands affluents,Grands affluents,"Ramsar Site, Wetland of International Importance","Ramsar Site, Wetland of International Importance",International,Not Reported,(ii) (iii) (iv) (vii) (viii),0,0,,59080.74,,Not Applicable,0,Designated,2007,Not Reported,Not Reported,Not Reported,Management plan is not implemented and not available,State Verified,1856,"CG-14; CG-8, CG-13, CG-7",COG,COG
Point,109020,109020,1,Libenga,Libenga,"Ramsar Site, Wetland of International Importance","Ramsar Site, Wetland of International Importance",International,Not Reported,(ii) (iii) (iv) (vii) (viii),0,0,,594.09,,Not Applicable,0,Designated,2007,Not Reported,Not Reported,Not Reported,Management plan is not implemented and not available,State Verified,1856,CG-7,COG,COG
Point,478032,478032,1,Les Rapides du Congo-Djoué,Les Rapides du Congo-Djoué,"Ramsar Site, Wetland of International Importance","Ramsar Site, Wetland of International Importance",International,Not Reported,(i) (iii) (iv) (vii) (viii),0,0,,25,,Not Applicable,0,Designated,2009,Not Reported,Not Reported,Not Reported,Management plan is not implemented and not available,State Verified,1856,CG-BZV,COG,COG
Point,478033,478033,1,Sangha-Nouabalé-Ndoki,Sangha-Nouabalé-Ndoki,"Ramsar Site, Wetland of International Importance","Ramsar Site, Wetland of International Importance",International,Not Reported,(ii) (iii) (iv) (vii) (viii),0,0,,15250,,Not Applicable,0,Designated,2009,Not Reported,Not Reported,Not Reported,Management plan is available but not implemented,State Verified,1856,"CG-13; CG-7",COG,COG
Point,555555584,555555584,1,Site Ramsar Ntokou-Pikounda,Site Ramsar Ntokou-Pikounda,"Ramsar Site, Wetland of International Importance","Ramsar Site, Wetland of International Importance",International,Not Reported,(ii) (iii) (iv) (vii) (viii),0,0,,4272,,Not Applicable,0,Designated,2012,Not Reported,Not Reported,Not Reported,Management plan is not implemented and not available,State Verified,1856,Not Reported,COG,COG
Point,555555585,555555585,1,Site Ramsar Odzala Kokoua,Site Ramsar Odzala Kokoua,"Ramsar Site, Wetland of International Importance","Ramsar Site, Wetland of International Importance",International,Not Reported,(ii) (iii) (iv) (vii) (viii),0,0,,13000,,Not Applicable,0,Designated,2012,Not Reported,Not Reported,Not Reported,Management plan is implemented and is available,State Verified,1856,Not Reported,COG,COG
Point,555555586,555555586,1,Site Ramsar Vallée du Niari,Site Ramsar Vallée du Niari,"Ramsar Site, Wetland of International Importance","Ramsar Site, Wetland of International Importance",International,Not Reported,(ii) (iii) (iv) (vii) (viii),0,0,,15810,,Not Applicable,0,Designated,2012,Not Reported,Not Reported,Not Reported,Management plan is not implemented and not available,State Verified,1856,Not Reported,COG,COG
Point,555626097,555626097,1,Loubetsi-Nyanga,Loubetsi-Nyanga,"Ramsar Site, Wetland of International Importance","Ramsar Site, Wetland of International Importance",International,Not Reported,(ii) (iii) (iv) (vii) (viii),0,0,,2511.5108,,Not Applicable,0,Designated,2015,Not Reported,Not Reported,Not Reported,https://rsis.ramsar.org/ris/2221,State Verified,1856,Not Reported,COG,COG
